This is XeTeX, Version 3.141592653-2.6-0.999997 (TeX Live 2025) (preloaded format=xelatex 2026.1.6)  10 JAN 2026 21:52
entering extended mode
 restricted \write18 enabled.
 %&-line parsing enabled.
**index.tex
(./index.tex
LaTeX2e <2025-11-01>
L3 programming layer <2025-12-29>
(c:/Users/inbaltsa/AppData/Roaming/TinyTeX/texmf-dist/tex/latex/koma-script/scrreprt.cls
Document Class: scrreprt 2025/12/01 v3.49 KOMA-Script document class (report)
(c:/Users/inbaltsa/AppData/Roaming/TinyTeX/texmf-dist/tex/latex/koma-script/scrkbase.sty
Package: scrkbase 2025/12/01 v3.49 KOMA-Script package (KOMA-Script-dependent basics and keyval usage)
(c:/Users/inbaltsa/AppData/Roaming/TinyTeX/texmf-dist/tex/latex/koma-script/scrbase.sty
Package: scrbase 2025/12/01 v3.49 KOMA-Script package (KOMA-Script-independent basics and keyval usage)
(c:/Users/inbaltsa/AppData/Roaming/TinyTeX/texmf-dist/tex/latex/koma-script/scrlfile.sty
Package: scrlfile 2025/12/01 v3.49 KOMA-Script package (file load hooks)
(c:/Users/inbaltsa/AppData/Roaming/TinyTeX/texmf-dist/tex/latex/koma-script/scrlfile-hook.sty
Package: scrlfile-hook 2025/12/01 v3.49 KOMA-Script package (using LaTeX hooks)
(c:/Users/inbaltsa/AppData/Roaming/TinyTeX/texmf-dist/tex/latex/koma-script/scrlogo.sty
Package: scrlogo 2025/12/01 v3.49 KOMA-Script package (logo)
))) (c:/Users/inbaltsa/AppData/Roaming/TinyTeX/texmf-dist/tex/latex/graphics/keyval.sty
Package: keyval 2022/05/29 v1.15 key=value parser (DPC)
\KV@toks@=\toks17
)
Applying: [2021/05/01] Usage of raw or classic option list on input line 254.
Already applied: [0000/00/00] Usage of raw or classic option list on input line 370.
)) (c:/Users/inbaltsa/AppData/Roaming/TinyTeX/texmf-dist/tex/latex/koma-script/tocbasic.sty
Package: tocbasic 2025/12/01 v3.49 KOMA-Script package (handling toc-files)
\scr@dte@tocline@numberwidth=\skip49
\scr@dte@tocline@numbox=\box53
)
Package tocbasic Info: omitting babel extension for `toc'
(tocbasic)             because of feature `nobabel' available
(tocbasic)             for `toc' on input line 143.
Class scrreprt Info: File `scrsize11pt.clo' used instead of
(scrreprt)           file `scrsize11.clo' to setup font sizes on input line 2708.
(c:/Users/inbaltsa/AppData/Roaming/TinyTeX/texmf-dist/tex/latex/koma-script/scrsize11pt.clo
File: scrsize11pt.clo 2025/12/01 v3.49 KOMA-Script font size class option (11pt)
) (c:/Users/inbaltsa/AppData/Roaming/TinyTeX/texmf-dist/tex/latex/koma-script/typearea.sty
Package: typearea 2025/12/01 v3.49 KOMA-Script package (type area)
\ta@bcor=\skip50
\ta@div=\count271
Package typearea Info: You've used standard option `letterpaper'.
(typearea)             This is correct!
(typearea)             Internally I'm using `paper=letter'.
(typearea)             If you'd like to set the option with \KOMAoptions,
(typearea)             you'd have to use `paper=letter' there
(typearea)             instead of `letterpaper', too.
\ta@hblk=\skip51
\ta@vblk=\skip52
\ta@temp=\skip53
\footheight=\skip54
Package typearea Info: These are the values describing the layout:
(typearea)             DIV  = 11
(typearea)             BCOR = 0.0pt
(typearea)             \paperwidth      = 614.295pt
(typearea)              \textwidth      = 446.76004pt
(typearea)              DIV departure   = -14%
(typearea)              \evensidemargin = 11.49748pt
(typearea)              \oddsidemargin  = 11.49748pt
(typearea)             \paperheight     = 794.96999pt
(typearea)              \textheight     = 582.20026pt
(typearea)              \topmargin      = -37.40001pt
(typearea)              \headheight     = 17.0pt
(typearea)              \headsep        = 20.40001pt
(typearea)              \topskip        = 11.0pt
(typearea)              \footskip       = 47.6pt
(typearea)              \baselineskip   = 13.6pt
(typearea)              on input line 1808.
)
\c@part=\count272
\c@chapter=\count273
\c@section=\count274
\c@subsection=\count275
\c@subsubsection=\count276
\c@paragraph=\count277
\c@subparagraph=\count278
\scr@dte@chapter@maxnumwidth=\skip55
Class scrreprt Info: using compatibility default `afterindent=bysign'
(scrreprt)           for `\chapter on input line 5926.
\scr@dte@section@maxnumwidth=\skip56
Class scrreprt Info: using compatibility default `runin=bysign'
(scrreprt)           for `\section on input line 5937.
Class scrreprt Info: using compatibility default `afterindent=bysign'
(scrreprt)           for `\section on input line 5937.
\scr@dte@part@maxnumwidth=\skip57
Class scrreprt Info: using compatibility default `afterindent=true'
(scrreprt)           for `\part on input line 5946.
\scr@dte@subsection@maxnumwidth=\skip58
Class scrreprt Info: using compatibility default `runin=bysign'
(scrreprt)           for `\subsection on input line 5956.
Class scrreprt Info: using compatibility default `afterindent=bysign'
(scrreprt)           for `\subsection on input line 5956.
\scr@dte@subsubsection@maxnumwidth=\skip59
Class scrreprt Info: using compatibility default `runin=bysign'
(scrreprt)           for `\subsubsection on input line 5966.
Class scrreprt Info: using compatibility default `afterindent=bysign'
(scrreprt)           for `\subsubsection on input line 5966.
\scr@dte@paragraph@maxnumwidth=\skip60
Class scrreprt Info: using compatibility default `runin=bysign'
(scrreprt)           for `\paragraph on input line 5977.
Class scrreprt Info: using compatibility default `afterindent=bysign'
(scrreprt)           for `\paragraph on input line 5977.
\scr@dte@subparagraph@maxnumwidth=\skip61
Class scrreprt Info: using compatibility default `runin=bysign'
(scrreprt)           for `\subparagraph on input line 5987.
Class scrreprt Info: using compatibility default `afterindent=bysign'
(scrreprt)           for `\subparagraph on input line 5987.
\abovecaptionskip=\skip62
\belowcaptionskip=\skip63
\c@pti@nb@sid@b@x=\box54
Package tocbasic Info: omitting babel extension for `lof'
(tocbasic)             because of feature `nobabel' available
(tocbasic)             for `lof' on input line 7217.
\scr@dte@figure@maxnumwidth=\skip64
\c@figure=\count279
Package tocbasic Info: omitting babel extension for `lot'
(tocbasic)             because of feature `nobabel' available
(tocbasic)             for `lot' on input line 7230.
\scr@dte@table@maxnumwidth=\skip65
\c@table=\count280
Class scrreprt Info: Redefining `\numberline' on input line 7401.
\bibindent=\dimen148
) (c:/Users/inbaltsa/AppData/Roaming/TinyTeX/texmf-dist/tex/latex/xcolor/xcolor.sty
Package: xcolor 2024/09/29 v3.02 LaTeX color extensions (UK)
(c:/Users/inbaltsa/AppData/Roaming/TinyTeX/texmf-dist/tex/latex/graphics-cfg/color.cfg
File: color.cfg 2016/01/02 v1.6 sample color configuration
)
Package xcolor Info: Driver file: xetex.def on input line 274.
(c:/Users/inbaltsa/AppData/Roaming/TinyTeX/texmf-dist/tex/latex/graphics-def/xetex.def
File: xetex.def 2025/11/01 v5.0p Graphics/color driver for xetex
) (c:/Users/inbaltsa/AppData/Roaming/TinyTeX/texmf-dist/tex/latex/graphics/mathcolor.ltx)
Package xcolor Info: Model `cmy' substituted by `cmy0' on input line 1349.
Package xcolor Info: Model `RGB' extended on input line 1365.
Package xcolor Info: Model `HTML' substituted by `rgb' on input line 1367.
Package xcolor Info: Model `Hsb' substituted by `hsb' on input line 1368.
Package xcolor Info: Model `tHsb' substituted by `hsb' on input line 1369.
Package xcolor Info: Model `HSB' substituted by `hsb' on input line 1370.
Package xcolor Info: Model `Gray' substituted by `gray' on input line 1371.
Package xcolor Info: Model `wave' substituted by `hsb' on input line 1372.
) (c:/Users/inbaltsa/AppData/Roaming/TinyTeX/texmf-dist/tex/latex/graphics/dvipsnam.def
File: dvipsnam.def 2016/06/17 v3.0m Driver-dependent file (DPC,SPQR)
) (c:/Users/inbaltsa/AppData/Roaming/TinyTeX/texmf-dist/tex/latex/xcolor/svgnam.def
File: svgnam.def 2024/09/29 v3.02 Predefined colors according to SVG 1.1 (UK)
) (c:/Users/inbaltsa/AppData/Roaming/TinyTeX/texmf-dist/tex/latex/xcolor/x11nam.def
File: x11nam.def 2024/09/29 v3.02 Predefined colors according to Unix/X11 (UK)
) (c:/Users/inbaltsa/AppData/Roaming/TinyTeX/texmf-dist/tex/latex/amsmath/amsmath.sty
Package: amsmath 2025/07/09 v2.17z AMS math features
\@mathmargin=\skip66
For additional information on amsmath, use the `?' option.
(c:/Users/inbaltsa/AppData/Roaming/TinyTeX/texmf-dist/tex/latex/amsmath/amstext.sty
Package: amstext 2024/11/17 v2.01 AMS text
(c:/Users/inbaltsa/AppData/Roaming/TinyTeX/texmf-dist/tex/latex/amsmath/amsgen.sty
File: amsgen.sty 1999/11/30 v2.0 generic functions
\@emptytoks=\toks18
\ex@=\dimen149
)) (c:/Users/inbaltsa/AppData/Roaming/TinyTeX/texmf-dist/tex/latex/amsmath/amsbsy.sty
Package: amsbsy 1999/11/29 v1.2d Bold Symbols
\pmbraise@=\dimen150
) (c:/Users/inbaltsa/AppData/Roaming/TinyTeX/texmf-dist/tex/latex/amsmath/amsopn.sty
Package: amsopn 2022/04/08 v2.04 operator names
)
\inf@bad=\count281
LaTeX Info: Redefining \frac on input line 233.
\uproot@=\count282
\leftroot@=\count283
LaTeX Info: Redefining \overline on input line 398.
LaTeX Info: Redefining \colon on input line 409.
\classnum@=\count284
\DOTSCASE@=\count285
LaTeX Info: Redefining \ldots on input line 495.
LaTeX Info: Redefining \dots on input line 498.
LaTeX Info: Redefining \cdots on input line 619.
\Mathstrutbox@=\box55
\strutbox@=\box56
LaTeX Info: Redefining \big on input line 721.
LaTeX Info: Redefining \Big on input line 722.
LaTeX Info: Redefining \bigg on input line 723.
LaTeX Info: Redefining \Bigg on input line 724.
\big@size=\dimen151
LaTeX Font Info:    Redeclaring font encoding OML on input line 742.
LaTeX Font Info:    Redeclaring font encoding OMS on input line 743.
\macc@depth=\count286
LaTeX Info: Redefining \bmod on input line 904.
LaTeX Info: Redefining \pmod on input line 909.
LaTeX Info: Redefining \smash on input line 939.
LaTeX Info: Redefining \relbar on input line 969.
LaTeX Info: Redefining \Relbar on input line 970.
\c@MaxMatrixCols=\count287
\dotsspace@=\muskip17
\c@parentequation=\count288
\dspbrk@lvl=\count289
\tag@help=\toks19
\row@=\count290
\column@=\count291
\maxfields@=\count292
\andhelp@=\toks20
\eqnshift@=\dimen152
\alignsep@=\dimen153
\tagshift@=\dimen154
\tagwidth@=\dimen155
\totwidth@=\dimen156
\lineht@=\dimen157
\@envbody=\toks21
\multlinegap=\skip67
\multlinetaggap=\skip68
\mathdisplay@stack=\toks22
LaTeX Info: Redefining \[ on input line 2950.
LaTeX Info: Redefining \] on input line 2951.
) (c:/Users/inbaltsa/AppData/Roaming/TinyTeX/texmf-dist/tex/latex/amsfonts/amssymb.sty
Package: amssymb 2013/01/14 v3.01 AMS font symbols
(c:/Users/inbaltsa/AppData/Roaming/TinyTeX/texmf-dist/tex/latex/amsfonts/amsfonts.sty
Package: amsfonts 2013/01/14 v3.01 Basic AMSFonts support
\symAMSa=\mathgroup4
\symAMSb=\mathgroup5
LaTeX Font Info:    Redeclaring math symbol \hbar on input line 98.
LaTeX Font Info:    Overwriting math alphabet `\mathfrak' in version `bold'
(Font)                  U/euf/m/n --> U/euf/b/n on input line 106.
)) (c:/Users/inbaltsa/AppData/Roaming/TinyTeX/texmf-dist/tex/generic/iftex/iftex.sty
Package: iftex 2024/12/12 v1.0g TeX engine tests
) (c:/Users/inbaltsa/AppData/Roaming/TinyTeX/texmf-dist/tex/latex/unicode-math/unicode-math.sty (c:/Users/inbaltsa/AppData/Roaming/TinyTeX/texmf-dist/tex/latex/l3kernel/expl3.sty
Package: expl3 2025-12-29 L3 programming layer (loader) 
(c:/Users/inbaltsa/AppData/Roaming/TinyTeX/texmf-dist/tex/latex/l3backend/l3backend-xetex.def
File: l3backend-xetex.def 2025-10-09 L3 backend support: XeTeX
\g__graphics_track_int=\count293
\g__pdfannot_backend_int=\count294
\g__pdfannot_backend_link_int=\count295
))
Package: unicode-math 2023/08/13 v0.8r Unicode maths in XeLaTeX and LuaLaTeX
(c:/Users/inbaltsa/AppData/Roaming/TinyTeX/texmf-dist/tex/latex/unicode-math/unicode-math-xetex.sty
Package: unicode-math-xetex 2023/08/13 v0.8r Unicode maths in XeLaTeX and LuaLaTeX
(c:/Users/inbaltsa/AppData/Roaming/TinyTeX/texmf-dist/tex/latex/l3packages/xparse/xparse.sty
Package: xparse 2025-10-09 L3 Experimental document command parser
) (c:/Users/inbaltsa/AppData/Roaming/TinyTeX/texmf-dist/tex/latex/l3packages/l3keys2e/l3keys2e.sty
Package: l3keys2e 2025-10-09 LaTeX2e option processing using LaTeX3 keys
) (c:/Users/inbaltsa/AppData/Roaming/TinyTeX/texmf-dist/tex/latex/fontspec/fontspec.sty
Package: fontspec 2025/09/29 v2.9g Font selection for XeLaTeX and LuaLaTeX
(c:/Users/inbaltsa/AppData/Roaming/TinyTeX/texmf-dist/tex/latex/fontspec/fontspec-xetex.sty
Package: fontspec-xetex 2025/09/29 v2.9g Font selection for XeLaTeX and LuaLaTeX
\l__fontspec_script_int=\count296
\l__fontspec_language_int=\count297
\l__fontspec_strnum_int=\count298
\l__fontspec_tmp_int=\count299
\l__fontspec_tmpa_int=\count300
\l__fontspec_tmpb_int=\count301
\l__fontspec_tmpc_int=\count302
\l__fontspec_em_int=\count303
\l__fontspec_emdef_int=\count304
\l__fontspec_strong_int=\count305
\l__fontspec_strongdef_int=\count306
\l__fontspec_tmpa_dim=\dimen158
\l__fontspec_tmpb_dim=\dimen159
\l__fontspec_tmpc_dim=\dimen160
(c:/Users/inbaltsa/AppData/Roaming/TinyTeX/texmf-dist/tex/latex/base/fontenc.sty
Package: fontenc 2025/07/18 v2.1d Standard LaTeX package
) (c:/Users/inbaltsa/AppData/Roaming/TinyTeX/texmf-dist/tex/latex/fontspec/fontspec.cfg))) (c:/Users/inbaltsa/AppData/Roaming/TinyTeX/texmf-dist/tex/latex/base/fix-cm.sty
Package: fix-cm 2020/11/24 v1.1t fixes to LaTeX
(c:/Users/inbaltsa/AppData/Roaming/TinyTeX/texmf-dist/tex/latex/base/ts1enc.def
File: ts1enc.def 2001/06/05 v3.0e (jk/car/fm) Standard LaTeX file
LaTeX Font Info:    Redeclaring font encoding TS1 on input line 47.
LaTeX Encoding Info:    Redeclaring text command \capitalcedilla (encoding TS1) on input line 49.
LaTeX Encoding Info:    Redeclaring text command \capitalogonek (encoding TS1) on input line 52.
LaTeX Encoding Info:    Redeclaring text command \capitalgrave (encoding TS1) on input line 55.
LaTeX Encoding Info:    Redeclaring text command \capitalacute (encoding TS1) on input line 56.
LaTeX Encoding Info:    Redeclaring text command \capitalcircumflex (encoding TS1) on input line 57.
LaTeX Encoding Info:    Redeclaring text command \capitaltilde (encoding TS1) on input line 58.
LaTeX Encoding Info:    Redeclaring text command \capitaldieresis (encoding TS1) on input line 59.
LaTeX Encoding Info:    Redeclaring text command \capitalhungarumlaut (encoding TS1) on input line 60.
LaTeX Encoding Info:    Redeclaring text command \capitalring (encoding TS1) on input line 61.
LaTeX Encoding Info:    Redeclaring text command \capitalcaron (encoding TS1) on input line 62.
LaTeX Encoding Info:    Redeclaring text command \capitalbreve (encoding TS1) on input line 63.
LaTeX Encoding Info:    Redeclaring text command \capitalmacron (encoding TS1) on input line 64.
LaTeX Encoding Info:    Redeclaring text command \capitaldotaccent (encoding TS1) on input line 65.
LaTeX Encoding Info:    Redeclaring text command \t (encoding TS1) on input line 66.
LaTeX Encoding Info:    Redeclaring text command \capitaltie (encoding TS1) on input line 67.
LaTeX Encoding Info:    Redeclaring text command \newtie (encoding TS1) on input line 68.
LaTeX Encoding Info:    Redeclaring text command \capitalnewtie (encoding TS1) on input line 69.
LaTeX Encoding Info:    Redeclaring text symbol \textcapitalcompwordmark (encoding TS1) on input line 70.
LaTeX Encoding Info:    Redeclaring text symbol \textascendercompwordmark (encoding TS1) on input line 71.
LaTeX Encoding Info:    Redeclaring text symbol \textquotestraightbase (encoding TS1) on input line 72.
LaTeX Encoding Info:    Redeclaring text symbol \textquotestraightdblbase (encoding TS1) on input line 73.
LaTeX Encoding Info:    Redeclaring text symbol \texttwelveudash (encoding TS1) on input line 74.
LaTeX Encoding Info:    Redeclaring text symbol \textthreequartersemdash (encoding TS1) on input line 75.
LaTeX Encoding Info:    Redeclaring text symbol \textleftarrow (encoding TS1) on input line 76.
LaTeX Encoding Info:    Redeclaring text symbol \textrightarrow (encoding TS1) on input line 77.
LaTeX Encoding Info:    Redeclaring text symbol \textblank (encoding TS1) on input line 78.
LaTeX Encoding Info:    Redeclaring text symbol \textdollar (encoding TS1) on input line 79.
LaTeX Encoding Info:    Redeclaring text symbol \textquotesingle (encoding TS1) on input line 80.
LaTeX Encoding Info:    Redeclaring text command \textasteriskcentered (encoding TS1) on input line 81.
LaTeX Encoding Info:    Redeclaring text symbol \textdblhyphen (encoding TS1) on input line 92.
LaTeX Encoding Info:    Redeclaring text symbol \textfractionsolidus (encoding TS1) on input line 93.
LaTeX Encoding Info:    Redeclaring text symbol \textzerooldstyle (encoding TS1) on input line 94.
LaTeX Encoding Info:    Redeclaring text symbol \textoneoldstyle (encoding TS1) on input line 95.
LaTeX Encoding Info:    Redeclaring text symbol \texttwooldstyle (encoding TS1) on input line 96.
LaTeX Encoding Info:    Redeclaring text symbol \textthreeoldstyle (encoding TS1) on input line 97.
LaTeX Encoding Info:    Redeclaring text symbol \textfouroldstyle (encoding TS1) on input line 98.
LaTeX Encoding Info:    Redeclaring text symbol \textfiveoldstyle (encoding TS1) on input line 99.
LaTeX Encoding Info:    Redeclaring text symbol \textsixoldstyle (encoding TS1) on input line 100.
LaTeX Encoding Info:    Redeclaring text symbol \textsevenoldstyle (encoding TS1) on input line 101.
LaTeX Encoding Info:    Redeclaring text symbol \texteightoldstyle (encoding TS1) on input line 102.
LaTeX Encoding Info:    Redeclaring text symbol \textnineoldstyle (encoding TS1) on input line 103.
LaTeX Encoding Info:    Redeclaring text symbol \textlangle (encoding TS1) on input line 104.
LaTeX Encoding Info:    Redeclaring text symbol \textminus (encoding TS1) on input line 105.
LaTeX Encoding Info:    Redeclaring text symbol \textrangle (encoding TS1) on input line 106.
LaTeX Encoding Info:    Redeclaring text symbol \textmho (encoding TS1) on input line 107.
LaTeX Encoding Info:    Redeclaring text symbol \textbigcircle (encoding TS1) on input line 108.
LaTeX Encoding Info:    Redeclaring text command \textcircled (encoding TS1) on input line 109.
LaTeX Encoding Info:    Redeclaring text symbol \textohm (encoding TS1) on input line 115.
LaTeX Encoding Info:    Redeclaring text symbol \textlbrackdbl (encoding TS1) on input line 116.
LaTeX Encoding Info:    Redeclaring text symbol \textrbrackdbl (encoding TS1) on input line 117.
LaTeX Encoding Info:    Redeclaring text symbol \textuparrow (encoding TS1) on input line 118.
LaTeX Encoding Info:    Redeclaring text symbol \textdownarrow (encoding TS1) on input line 119.
LaTeX Encoding Info:    Redeclaring text symbol \textasciigrave (encoding TS1) on input line 120.
LaTeX Encoding Info:    Redeclaring text symbol \textborn (encoding TS1) on input line 121.
LaTeX Encoding Info:    Redeclaring text symbol \textdivorced (encoding TS1) on input line 122.
LaTeX Encoding Info:    Redeclaring text symbol \textdied (encoding TS1) on input line 123.
LaTeX Encoding Info:    Redeclaring text symbol \textleaf (encoding TS1) on input line 124.
LaTeX Encoding Info:    Redeclaring text symbol \textmarried (encoding TS1) on input line 125.
LaTeX Encoding Info:    Redeclaring text symbol \textmusicalnote (encoding TS1) on input line 126.
LaTeX Encoding Info:    Redeclaring text symbol \texttildelow (encoding TS1) on input line 127.
LaTeX Encoding Info:    Redeclaring text symbol \textdblhyphenchar (encoding TS1) on input line 128.
LaTeX Encoding Info:    Redeclaring text symbol \textasciibreve (encoding TS1) on input line 129.
LaTeX Encoding Info:    Redeclaring text symbol \textasciicaron (encoding TS1) on input line 130.
LaTeX Encoding Info:    Redeclaring text symbol \textacutedbl (encoding TS1) on input line 131.
LaTeX Encoding Info:    Redeclaring text symbol \textgravedbl (encoding TS1) on input line 132.
LaTeX Encoding Info:    Redeclaring text symbol \textdagger (encoding TS1) on input line 133.
LaTeX Encoding Info:    Redeclaring text symbol \textdaggerdbl (encoding TS1) on input line 134.
LaTeX Encoding Info:    Redeclaring text symbol \textbardbl (encoding TS1) on input line 135.
LaTeX Encoding Info:    Redeclaring text symbol \textperthousand (encoding TS1) on input line 136.
LaTeX Encoding Info:    Redeclaring text symbol \textbullet (encoding TS1) on input line 137.
LaTeX Encoding Info:    Redeclaring text symbol \textcelsius (encoding TS1) on input line 138.
LaTeX Encoding Info:    Redeclaring text symbol \textdollaroldstyle (encoding TS1) on input line 139.
LaTeX Encoding Info:    Redeclaring text symbol \textcentoldstyle (encoding TS1) on input line 140.
LaTeX Encoding Info:    Redeclaring text symbol \textflorin (encoding TS1) on input line 141.
LaTeX Encoding Info:    Redeclaring text symbol \textcolonmonetary (encoding TS1) on input line 142.
LaTeX Encoding Info:    Redeclaring text symbol \textwon (encoding TS1) on input line 143.
LaTeX Encoding Info:    Redeclaring text symbol \textnaira (encoding TS1) on input line 144.
LaTeX Encoding Info:    Redeclaring text symbol \textguarani (encoding TS1) on input line 145.
LaTeX Encoding Info:    Redeclaring text symbol \textpeso (encoding TS1) on input line 146.
LaTeX Encoding Info:    Redeclaring text symbol \textlira (encoding TS1) on input line 147.
LaTeX Encoding Info:    Redeclaring text symbol \textrecipe (encoding TS1) on input line 148.
LaTeX Encoding Info:    Redeclaring text symbol \textinterrobang (encoding TS1) on input line 149.
LaTeX Encoding Info:    Redeclaring text symbol \textinterrobangdown (encoding TS1) on input line 150.
LaTeX Encoding Info:    Redeclaring text symbol \textdong (encoding TS1) on input line 151.
LaTeX Encoding Info:    Redeclaring text symbol \texttrademark (encoding TS1) on input line 152.
LaTeX Encoding Info:    Redeclaring text symbol \textpertenthousand (encoding TS1) on input line 153.
LaTeX Encoding Info:    Redeclaring text symbol \textpilcrow (encoding TS1) on input line 154.
LaTeX Encoding Info:    Redeclaring text symbol \textbaht (encoding TS1) on input line 155.
LaTeX Encoding Info:    Redeclaring text symbol \textnumero (encoding TS1) on input line 156.
LaTeX Encoding Info:    Redeclaring text symbol \textdiscount (encoding TS1) on input line 157.
LaTeX Encoding Info:    Redeclaring text symbol \textestimated (encoding TS1) on input line 158.
LaTeX Encoding Info:    Redeclaring text symbol \textopenbullet (encoding TS1) on input line 159.
LaTeX Encoding Info:    Redeclaring text symbol \textservicemark (encoding TS1) on input line 160.
LaTeX Encoding Info:    Redeclaring text symbol \textlquill (encoding TS1) on input line 161.
LaTeX Encoding Info:    Redeclaring text symbol \textrquill (encoding TS1) on input line 162.
LaTeX Encoding Info:    Redeclaring text symbol \textcent (encoding TS1) on input line 163.
LaTeX Encoding Info:    Redeclaring text symbol \textsterling (encoding TS1) on input line 164.
LaTeX Encoding Info:    Redeclaring text symbol \textcurrency (encoding TS1) on input line 165.
LaTeX Encoding Info:    Redeclaring text symbol \textyen (encoding TS1) on input line 166.
LaTeX Encoding Info:    Redeclaring text symbol \textbrokenbar (encoding TS1) on input line 167.
LaTeX Encoding Info:    Redeclaring text symbol \textsection (encoding TS1) on input line 168.
LaTeX Encoding Info:    Redeclaring text symbol \textasciidieresis (encoding TS1) on input line 169.
LaTeX Encoding Info:    Redeclaring text symbol \textcopyright (encoding TS1) on input line 170.
LaTeX Encoding Info:    Redeclaring text symbol \textordfeminine (encoding TS1) on input line 171.
LaTeX Encoding Info:    Redeclaring text symbol \textcopyleft (encoding TS1) on input line 172.
LaTeX Encoding Info:    Redeclaring text symbol \textlnot (encoding TS1) on input line 173.
LaTeX Encoding Info:    Redeclaring text symbol \textcircledP (encoding TS1) on input line 174.
LaTeX Encoding Info:    Redeclaring text symbol \textregistered (encoding TS1) on input line 175.
LaTeX Encoding Info:    Redeclaring text symbol \textasciimacron (encoding TS1) on input line 176.
LaTeX Encoding Info:    Redeclaring text symbol \textdegree (encoding TS1) on input line 177.
LaTeX Encoding Info:    Redeclaring text symbol \textpm (encoding TS1) on input line 178.
LaTeX Encoding Info:    Redeclaring text symbol \texttwosuperior (encoding TS1) on input line 179.
LaTeX Encoding Info:    Redeclaring text symbol \textthreesuperior (encoding TS1) on input line 180.
LaTeX Encoding Info:    Redeclaring text symbol \textasciiacute (encoding TS1) on input line 181.
LaTeX Encoding Info:    Redeclaring text symbol \textmu (encoding TS1) on input line 182.
LaTeX Encoding Info:    Redeclaring text symbol \textparagraph (encoding TS1) on input line 183.
LaTeX Encoding Info:    Redeclaring text symbol \textperiodcentered (encoding TS1) on input line 184.
LaTeX Encoding Info:    Redeclaring text symbol \textreferencemark (encoding TS1) on input line 185.
LaTeX Encoding Info:    Redeclaring text symbol \textonesuperior (encoding TS1) on input line 186.
LaTeX Encoding Info:    Redeclaring text symbol \textordmasculine (encoding TS1) on input line 187.
LaTeX Encoding Info:    Redeclaring text symbol \textsurd (encoding TS1) on input line 188.
LaTeX Encoding Info:    Redeclaring text symbol \textonequarter (encoding TS1) on input line 189.
LaTeX Encoding Info:    Redeclaring text symbol \textonehalf (encoding TS1) on input line 190.
LaTeX Encoding Info:    Redeclaring text symbol \textthreequarters (encoding TS1) on input line 191.
LaTeX Encoding Info:    Redeclaring text symbol \texteuro (encoding TS1) on input line 192.
LaTeX Encoding Info:    Redeclaring text symbol \texttimes (encoding TS1) on input line 193.
LaTeX Encoding Info:    Redeclaring text symbol \textdiv (encoding TS1) on input line 194.
))
\g__um_fam_int=\count307
\g__um_fonts_used_int=\count308
\l__um_primecount_int=\count309
\g__um_primekern_muskip=\muskip18
(c:/Users/inbaltsa/AppData/Roaming/TinyTeX/texmf-dist/tex/latex/unicode-math/unicode-math-table.tex))) (c:/Users/inbaltsa/AppData/Roaming/TinyTeX/texmf-dist/tex/latex/lm/lmodern.sty
Package: lmodern 2015/05/01 v1.6.1 Latin Modern Fonts
LaTeX Font Info:    Overwriting symbol font `operators' in version `normal'
(Font)                  OT1/cmr/m/n --> OT1/lmr/m/n on input line 22.
LaTeX Font Info:    Overwriting symbol font `letters' in version `normal'
(Font)                  OML/cmm/m/it --> OML/lmm/m/it on input line 23.
LaTeX Font Info:    Overwriting symbol font `symbols' in version `normal'
(Font)                  OMS/cmsy/m/n --> OMS/lmsy/m/n on input line 24.
LaTeX Font Info:    Overwriting symbol font `largesymbols' in version `normal'
(Font)                  OMX/cmex/m/n --> OMX/lmex/m/n on input line 25.
LaTeX Font Info:    Overwriting symbol font `operators' in version `bold'
(Font)                  OT1/cmr/bx/n --> OT1/lmr/bx/n on input line 26.
LaTeX Font Info:    Overwriting symbol font `letters' in version `bold'
(Font)                  OML/cmm/b/it --> OML/lmm/b/it on input line 27.
LaTeX Font Info:    Overwriting symbol font `symbols' in version `bold'
(Font)                  OMS/cmsy/b/n --> OMS/lmsy/b/n on input line 28.
LaTeX Font Info:    Overwriting symbol font `largesymbols' in version `bold'
(Font)                  OMX/cmex/m/n --> OMX/lmex/m/n on input line 29.
LaTeX Font Info:    Overwriting math alphabet `\mathbf' in version `normal'
(Font)                  OT1/cmr/bx/n --> OT1/lmr/bx/n on input line 31.
LaTeX Font Info:    Overwriting math alphabet `\mathsf' in version `normal'
(Font)                  OT1/cmss/m/n --> OT1/lmss/m/n on input line 32.
LaTeX Font Info:    Overwriting math alphabet `\mathit' in version `normal'
(Font)                  OT1/cmr/m/it --> OT1/lmr/m/it on input line 33.
LaTeX Font Info:    Overwriting math alphabet `\mathtt' in version `normal'
(Font)                  OT1/cmtt/m/n --> OT1/lmtt/m/n on input line 34.
LaTeX Font Info:    Overwriting math alphabet `\mathbf' in version `bold'
(Font)                  OT1/cmr/bx/n --> OT1/lmr/bx/n on input line 35.
LaTeX Font Info:    Overwriting math alphabet `\mathsf' in version `bold'
(Font)                  OT1/cmss/bx/n --> OT1/lmss/bx/n on input line 36.
LaTeX Font Info:    Overwriting math alphabet `\mathit' in version `bold'
(Font)                  OT1/cmr/bx/it --> OT1/lmr/bx/it on input line 37.
LaTeX Font Info:    Overwriting math alphabet `\mathtt' in version `bold'
(Font)                  OT1/cmtt/m/n --> OT1/lmtt/m/n on input line 38.
)

Package fontspec Info: 
(fontspec)             Arial scale = 0.8311539639799423.


Package fontspec Info: 
(fontspec)             Arial scale = 1.


Package fontspec Info: 
(fontspec)             Arial scale = 0.8311539639799423.


Package fontspec Info: 
(fontspec)             Arial scale = 1.


Package fontspec Info: 
(fontspec)             Arial scale = 0.8311539639799423.


Package fontspec Info: 
(fontspec)             Arial scale = 1.


Package fontspec Info: 
(fontspec)             Arial/B scale = 0.8311539639799423.


Package fontspec Info: 
(fontspec)             Arial/B scale = 1.


Package fontspec Info: 
(fontspec)             Arial/B scale = 0.8311539639799423.


Package fontspec Info: 
(fontspec)             Arial/B scale = 1.


Package fontspec Info: 
(fontspec)             Arial/I scale = 0.8311539639799423.


Package fontspec Info: 
(fontspec)             Arial/I scale = 1.


Package fontspec Info: 
(fontspec)             Arial/I scale = 0.8311539639799423.


Package fontspec Info: 
(fontspec)             Arial/I scale = 1.


Package fontspec Info: 
(fontspec)             Arial/BI scale = 0.8311539639799423.


Package fontspec Info: 
(fontspec)             Arial/BI scale = 1.


Package fontspec Info: 
(fontspec)             Arial/BI scale = 0.8311539639799423.


Package fontspec Info: 
(fontspec)             Arial/BI scale = 1.


Package fontspec Info: 
(fontspec)             Font family 'Arial(0)' created for font 'Arial' with
(fontspec)             options [Scale=MatchLowercase,Ligatures=TeX,Scale=1].
(fontspec)              
(fontspec)              This font family consists of the following NFSS
(fontspec)             series/shapes:
(fontspec)              
(fontspec)             - 'normal' (m/n) with NFSS spec.:
(fontspec)             <->s*[1]"Arial/OT:script=latn;language=dflt;mapping=tex-text;"
(fontspec)             - 'small caps'  (m/sc) with NFSS spec.:
(fontspec)             <->s*[1]"Arial/OT:script=latn;language=dflt;+smcp;mapping=tex-text;"
(fontspec)             - 'bold' (b/n) with NFSS spec.:
(fontspec)             <->s*[1]"Arial/B/OT:script=latn;language=dflt;mapping=tex-text;"
(fontspec)             - 'bold small caps'  (b/sc) with NFSS spec.:
(fontspec)             <->s*[1]"Arial/B/OT:script=latn;language=dflt;+smcp;mapping=tex-text;"
(fontspec)             - 'italic' (m/it) with NFSS spec.:
(fontspec)             <->s*[1]"Arial/I/OT:script=latn;language=dflt;mapping=tex-text;"
(fontspec)             - 'italic small caps'  (m/scit) with NFSS spec.:
(fontspec)             <->s*[1]"Arial/I/OT:script=latn;language=dflt;+smcp;mapping=tex-text;"
(fontspec)             - 'bold italic' (b/it) with NFSS spec.:
(fontspec)             <->s*[1]"Arial/BI/OT:script=latn;language=dflt;mapping=tex-text;"
(fontspec)             - 'bold italic small caps'  (b/scit) with NFSS spec.:
(fontspec)             <->s*[1]"Arial/BI/OT:script=latn;language=dflt;+smcp;mapping=tex-text;"

LaTeX Font Info:    Font shape `TU/Arial(0)/m/n' will be
(Font)              scaled to size 10.95pt on input line 29.

Package fontspec Info: 
(fontspec)             Arial scale = 0.9999973127381585.


Package fontspec Info: 
(fontspec)             Arial scale = 0.9999973127381585.


Package fontspec Info: 
(fontspec)             Arial scale = 0.9999973127381585.


Package fontspec Info: 
(fontspec)             Arial/B scale = 0.9999973127381585.


Package fontspec Info: 
(fontspec)             Arial/B scale = 0.9999973127381585.


Package fontspec Info: 
(fontspec)             Arial/I scale = 0.9999973127381585.


Package fontspec Info: 
(fontspec)             Arial/I scale = 0.9999973127381585.


Package fontspec Info: 
(fontspec)             Arial/BI scale = 0.9999973127381585.


Package fontspec Info: 
(fontspec)             Arial/BI scale = 0.9999973127381585.


Package fontspec Info: 
(fontspec)             Font family 'Arial(1)' created for font 'Arial' with
(fontspec)             options [Scale=MatchLowercase].
(fontspec)              
(fontspec)              This font family consists of the following NFSS
(fontspec)             series/shapes:
(fontspec)              
(fontspec)             - 'normal' (m/n) with NFSS spec.:
(fontspec)             <->s*[0.9999973127381585]"Arial/OT:script=latn;language=dflt;"
(fontspec)             - 'small caps'  (m/sc) with NFSS spec.:
(fontspec)             <->s*[0.9999973127381585]"Arial/OT:script=latn;language=dflt;+smcp;"
(fontspec)             - 'bold' (b/n) with NFSS spec.:
(fontspec)             <->s*[0.9999973127381585]"Arial/B/OT:script=latn;language=dflt;"
(fontspec)             - 'bold small caps'  (b/sc) with NFSS spec.:
(fontspec)             <->s*[0.9999973127381585]"Arial/B/OT:script=latn;language=dflt;+smcp;"
(fontspec)             - 'italic' (m/it) with NFSS spec.:
(fontspec)             <->s*[0.9999973127381585]"Arial/I/OT:script=latn;language=dflt;"
(fontspec)             - 'italic small caps'  (m/scit) with NFSS spec.:
(fontspec)             <->s*[0.9999973127381585]"Arial/I/OT:script=latn;language=dflt;+smcp;"
(fontspec)             - 'bold italic' (b/it) with NFSS spec.:
(fontspec)             <->s*[0.9999973127381585]"Arial/BI/OT:script=latn;language=dflt;"
(fontspec)             - 'bold italic small caps'  (b/scit) with NFSS spec.:
(fontspec)             <->s*[0.9999973127381585]"Arial/BI/OT:script=latn;language=dflt;+smcp;"

LaTeX Font Info:    Overwriting math alphabet `\mathrm' in version `normal'
(Font)                  OT1/lmr/m/n --> TU/Arial(1)/m/n on input line 29.
LaTeX Font Info:    Overwriting math alphabet `\mathit' in version `normal'
(Font)                  OT1/lmr/m/it --> TU/Arial(1)/m/it on input line 29.
LaTeX Font Info:    Overwriting math alphabet `\mathbf' in version `normal'
(Font)                  OT1/lmr/bx/n --> TU/Arial(1)/b/n on input line 29.

Package fontspec Info: 
(fontspec)             Arial scale = 0.9999973127381585.


Package fontspec Info: 
(fontspec)             Arial scale = 0.9999973127381585.


Package fontspec Info: 
(fontspec)             Arial scale = 0.9999973127381585.


Package fontspec Info: 
(fontspec)             Arial/B scale = 0.9999973127381585.


Package fontspec Info: 
(fontspec)             Arial/B scale = 0.9999973127381585.


Package fontspec Info: 
(fontspec)             Arial/I scale = 0.9999973127381585.


Package fontspec Info: 
(fontspec)             Arial/I scale = 0.9999973127381585.


Package fontspec Info: 
(fontspec)             Arial/BI scale = 0.9999973127381585.


Package fontspec Info: 
(fontspec)             Arial/BI scale = 0.9999973127381585.


Package fontspec Info: 
(fontspec)             Font family 'Arial(2)' created for font 'Arial' with
(fontspec)             options [Scale=MatchLowercase,Ligatures=TeX].
(fontspec)              
(fontspec)              This font family consists of the following NFSS
(fontspec)             series/shapes:
(fontspec)              
(fontspec)             - 'normal' (m/n) with NFSS spec.:
(fontspec)             <->s*[0.9999973127381585]"Arial/OT:script=latn;language=dflt;mapping=tex-text;"
(fontspec)             - 'small caps'  (m/sc) with NFSS spec.:
(fontspec)             <->s*[0.9999973127381585]"Arial/OT:script=latn;language=dflt;+smcp;mapping=tex-text;"
(fontspec)             - 'bold' (b/n) with NFSS spec.:
(fontspec)             <->s*[0.9999973127381585]"Arial/B/OT:script=latn;language=dflt;mapping=tex-text;"
(fontspec)             - 'bold small caps'  (b/sc) with NFSS spec.:
(fontspec)             <->s*[0.9999973127381585]"Arial/B/OT:script=latn;language=dflt;+smcp;mapping=tex-text;"
(fontspec)             - 'italic' (m/it) with NFSS spec.:
(fontspec)             <->s*[0.9999973127381585]"Arial/I/OT:script=latn;language=dflt;mapping=tex-text;"
(fontspec)             - 'italic small caps'  (m/scit) with NFSS spec.:
(fontspec)             <->s*[0.9999973127381585]"Arial/I/OT:script=latn;language=dflt;+smcp;mapping=tex-text;"
(fontspec)             - 'bold italic' (b/it) with NFSS spec.:
(fontspec)             <->s*[0.9999973127381585]"Arial/BI/OT:script=latn;language=dflt;mapping=tex-text;"
(fontspec)             - 'bold italic small caps'  (b/scit) with NFSS spec.:
(fontspec)             <->s*[0.9999973127381585]"Arial/BI/OT:script=latn;language=dflt;+smcp;mapping=tex-text;"


Package fontspec Info: 
(fontspec)             Arial scale = 0.9999973127381585.

LaTeX Font Info:    Overwriting math alphabet `\mathsf' in version `normal'
(Font)                  OT1/lmss/m/n --> TU/Arial(1)/m/n on input line 30.
LaTeX Font Info:    Overwriting math alphabet `\mathsf' in version `bold'
(Font)                  OT1/lmss/bx/n --> TU/Arial(1)/b/n on input line 30.
(c:/Users/inbaltsa/AppData/Roaming/TinyTeX/texmf-dist/tex/latex/upquote/upquote.sty
Package: upquote 2012/04/19 v1.3 upright-quote and grave-accent glyphs in verbatim
(c:/Users/inbaltsa/AppData/Roaming/TinyTeX/texmf-dist/tex/latex/base/textcomp.sty
Package: textcomp 2024/04/24 v2.1b Standard LaTeX package
)) (c:/Users/inbaltsa/AppData/Roaming/TinyTeX/texmf-dist/tex/latex/microtype/microtype.sty
Package: microtype 2025/07/09 v3.2b Micro-typographical refinements (RS)
(c:/Users/inbaltsa/AppData/Roaming/TinyTeX/texmf-dist/tex/latex/etoolbox/etoolbox.sty
Package: etoolbox 2025/10/02 v2.5m e-TeX tools for LaTeX (JAW)
\etb@tempcnta=\count310
)
\MT@toks=\toks23
\MT@tempbox=\box57
\MT@count=\count311
LaTeX Info: Redefining \noprotrusionifhmode on input line 1087.
LaTeX Info: Redefining \leftprotrusion on input line 1088.
\MT@prot@toks=\toks24
LaTeX Info: Redefining \rightprotrusion on input line 1107.
LaTeX Info: Redefining \textls on input line 1449.
\MT@outer@kern=\dimen161
LaTeX Info: Redefining \microtypecontext on input line 2053.
LaTeX Info: Redefining \textmicrotypecontext on input line 2070.
\MT@listname@count=\count312
(c:/Users/inbaltsa/AppData/Roaming/TinyTeX/texmf-dist/tex/latex/microtype/microtype-xetex.def
File: microtype-xetex.def 2025/07/09 v3.2b Definitions specific to xetex (RS)
LaTeX Info: Redefining \lsstyle on input line 443.
LaTeX Info: Redefining \lslig on input line 451.
\MT@outer@space=\skip69
)
Package microtype Info: Loading configuration file microtype.cfg.
(c:/Users/inbaltsa/AppData/Roaming/TinyTeX/texmf-dist/tex/latex/microtype/microtype.cfg
File: microtype.cfg 2025/07/09 v3.2b microtype main configuration file (RS)
)
LaTeX Info: Redefining \microtypesetup on input line 3065.
) (c:/Users/inbaltsa/AppData/Roaming/TinyTeX/texmf-dist/tex/latex/tools/longtable.sty
Package: longtable 2025-10-13 v4.24 Multi-page Table package (DPC)
\LTleft=\skip70
\LTright=\skip71
\LTpre=\skip72
\LTpost=\skip73
\LTchunksize=\count313
\LTcapwidth=\dimen162
\LT@head=\box58
\LT@firsthead=\box59
\LT@foot=\box60
\LT@lastfoot=\box61
\LT@gbox=\box62
\LT@cols=\count314
\LT@rows=\count315
\c@LT@tables=\count316
\c@LT@chunks=\count317
\LT@p@ftn=\toks25
)
Class scrreprt Info: longtable captions redefined on input line 73.
(c:/Users/inbaltsa/AppData/Roaming/TinyTeX/texmf-dist/tex/latex/booktabs/booktabs.sty
Package: booktabs 2020/01/12 v1.61803398 Publication quality tables
\heavyrulewidth=\dimen163
\lightrulewidth=\dimen164
\cmidrulewidth=\dimen165
\belowrulesep=\dimen166
\belowbottomsep=\dimen167
\aboverulesep=\dimen168
\abovetopsep=\dimen169
\cmidrulesep=\dimen170
\cmidrulekern=\dimen171
\defaultaddspace=\dimen172
\@cmidla=\count318
\@cmidlb=\count319
\@aboverulesep=\dimen173
\@belowrulesep=\dimen174
\@thisruleclass=\count320
\@lastruleclass=\count321
\@thisrulewidth=\dimen175
) (c:/Users/inbaltsa/AppData/Roaming/TinyTeX/texmf-dist/tex/latex/tools/array.sty
Package: array 2025/09/25 v2.6n Tabular extension package (FMi)
\col@sep=\dimen176
\ar@mcellbox=\box63
\extrarowheight=\dimen177
\NC@list=\toks26
\extratabsurround=\skip74
\backup@length=\skip75
\ar@cellbox=\box64
) (c:/Users/inbaltsa/AppData/Roaming/TinyTeX/texmf-dist/tex/latex/tools/calc.sty
Package: calc 2025/03/01 v4.3b Infix arithmetic (KKT,FJ)
\calc@Acount=\count322
\calc@Bcount=\count323
\calc@Adimen=\dimen178
\calc@Bdimen=\dimen179
\calc@Askip=\skip76
\calc@Bskip=\skip77
LaTeX Info: Redefining \setlength on input line 86.
LaTeX Info: Redefining \addtolength on input line 87.
\calc@Ccount=\count324
\calc@Cskip=\skip78
) (c:/Users/inbaltsa/AppData/Roaming/TinyTeX/texmf-dist/tex/latex/mdwtools/footnote.sty
Package: footnote 1997/01/28 1.13 Save footnotes around boxes
\fn@notes=\box65
\fn@width=\dimen180
) (c:/Users/inbaltsa/AppData/Roaming/TinyTeX/texmf-dist/tex/latex/graphics/graphicx.sty
Package: graphicx 2024/12/31 v1.2e Enhanced LaTeX Graphics (DPC,SPQR)
(c:/Users/inbaltsa/AppData/Roaming/TinyTeX/texmf-dist/tex/latex/graphics/graphics.sty
Package: graphics 2024/08/06 v1.4g Standard LaTeX Graphics (DPC,SPQR)
(c:/Users/inbaltsa/AppData/Roaming/TinyTeX/texmf-dist/tex/latex/graphics/trig.sty
Package: trig 2023/12/02 v1.11 sin cos tan (DPC)
) (c:/Users/inbaltsa/AppData/Roaming/TinyTeX/texmf-dist/tex/latex/graphics-cfg/graphics.cfg
File: graphics.cfg 2016/06/04 v1.11 sample graphics configuration
)
Package graphics Info: Driver file: xetex.def on input line 106.
)
\Gin@req@height=\dimen181
\Gin@req@width=\dimen182
)
\pandoc@box=\box66
(c:/Users/inbaltsa/AppData/Roaming/TinyTeX/texmf-dist/tex/generic/soul/soul.sty
Package: soul 2023-06-14 v3.1 Permit use of UTF-8 characters in soul (HO)
(c:/Users/inbaltsa/AppData/Roaming/TinyTeX/texmf-dist/tex/generic/soul/soul-ori.sty
Package: soul-ori 2023-06-14 v3.1 letterspacing/underlining (mf)
\SOUL@word=\toks27
\SOUL@lasttoken=\toks28
\SOUL@syllable=\toks29
\SOUL@cmds=\toks30
\SOUL@buffer=\toks31
\SOUL@token=\toks32
\SOUL@syllgoal=\dimen183
\SOUL@syllwidth=\dimen184
\SOUL@charkern=\dimen185
\SOUL@hyphkern=\dimen186
\SOUL@dimen=\dimen187
\SOUL@dimeni=\dimen188
\SOUL@minus=\count325
\SOUL@comma=\count326
\SOUL@apo=\count327
\SOUL@grave=\count328
\SOUL@spaceskip=\skip79
\SOUL@ttwidth=\dimen189
\SOUL@uldp=\dimen190
\SOUL@ulht=\dimen191
) (c:/Users/inbaltsa/AppData/Roaming/TinyTeX/texmf-dist/tex/generic/infwarerr/infwarerr.sty
Package: infwarerr 2019/12/03 v1.5 Providing info/warning/error messages (HO)
) (c:/Users/inbaltsa/AppData/Roaming/TinyTeX/texmf-dist/tex/generic/etexcmds/etexcmds.sty
Package: etexcmds 2019/12/15 v1.7 Avoid name clashes with e-TeX commands (HO)
)) (c:/Users/inbaltsa/AppData/Roaming/TinyTeX/texmf-dist/tex/generic/babel/babel.sty
Package: babel 2025/12/30 v25.18 The multilingual framework for LuaLaTeX, pdfLaTeX and XeLaTeX
\babel@savecnt=\count329
LaTeX Encoding Info:    Redeclaring text command \ij (encoding OT1) on input line 2068.
LaTeX Encoding Info:    Redeclaring text command \IJ (encoding OT1) on input line 2070.
LaTeX Encoding Info:    Redeclaring text command \ij (encoding T1) on input line 2072.
LaTeX Encoding Info:    Redeclaring text command \IJ (encoding T1) on input line 2073.
LaTeX Encoding Info:    Ignoring declaration for text command \ij (encoding ?) on input line 2074.
LaTeX Encoding Info:    Ignoring declaration for text command \IJ (encoding ?) on input line 2076.
LaTeX Encoding Info:    Ignoring declaration for text command \SS (encoding ?) on input line 2101.
\U@D=\dimen192
\l@unhyphenated=\language6
(c:/Users/inbaltsa/AppData/Roaming/TinyTeX/texmf-dist/tex/generic/babel/xebabel.def)
\bbl@readstream=\read2
\bbl@dirlevel=\count330
(c:/Users/inbaltsa/AppData/Roaming/TinyTeX/texmf-dist/tex/generic/babel/locale/he/babel-hebrew.tex)
Package babel Info: Importing data for hebrew
(babel)             from babel-he.ini. Reported on input line 4321.
\bbl@readsubstream=\read3
Package babel Info: Hyphen rules for 'hebrew' set to \l@english
(babel)             (\language0). Reported on input line 4321.
(c:/Users/inbaltsa/AppData/Roaming/TinyTeX/texmf-dist/tex/generic/babel/locale/he/babel-hebrew.tex) (c:/Users/inbaltsa/AppData/Roaming/TinyTeX/texmf-dist/tex/generic/babel/babel-ca-hebrew.tex
\bbl@cntcommon=\count331
\bbl@hebrday=\count332
\bbl@hebrmonth=\count333
\bbl@hebryear=\count334
\bbl@gregday=\count335
\bbl@gregmonth=\count336
\bbl@gregyear=\count337
))

Package fontspec Info: 
(fontspec)             Language 'Hebrew' not explicitly supported within font
(fontspec)             'Arial' with script 'Hebrew'. Check the typeset output,
(fontspec)             and if it is okay then ignore this warning. Otherwise a
(fontspec)             different font should be chosen.


Package fontspec Info: 
(fontspec)             Arial scale = 0.9999973127381585.


Package fontspec Info: 
(fontspec)             Arial scale = 1.


Package fontspec Info: 
(fontspec)             Arial scale = 0.9999973127381585.


Package fontspec Info: 
(fontspec)             Arial scale = 1.


Package fontspec Info: 
(fontspec)             Arial scale = 0.9999973127381585.


Package fontspec Info: 
(fontspec)             Arial scale = 1.


Package fontspec Info: 
(fontspec)             Arial/B scale = 0.9999973127381585.


Package fontspec Info: 
(fontspec)             Arial/B scale = 1.


Package fontspec Info: 
(fontspec)             Arial/B scale = 0.9999973127381585.


Package fontspec Info: 
(fontspec)             Arial/B scale = 1.


Package fontspec Info: 
(fontspec)             Arial/I scale = 0.9999973127381585.


Package fontspec Info: 
(fontspec)             Arial/I scale = 1.


Package fontspec Info: 
(fontspec)             Arial/I scale = 0.9999973127381585.


Package fontspec Info: 
(fontspec)             Arial/I scale = 1.


Package fontspec Info: 
(fontspec)             Arial/BI scale = 0.9999973127381585.


Package fontspec Info: 
(fontspec)             Arial/BI scale = 1.


Package fontspec Info: 
(fontspec)             Arial/BI scale = 0.9999973127381585.


Package fontspec Info: 
(fontspec)             Arial/BI scale = 1.


Package fontspec Info: 
(fontspec)             Font family 'Arial(3)' created for font 'Arial' with
(fontspec)             options
(fontspec)             [Scale=MatchLowercase,Ligatures=TeX,Scale=1,Script=Hebrew,Language=Hebrew].
(fontspec)              
(fontspec)              This font family consists of the following NFSS
(fontspec)             series/shapes:
(fontspec)              
(fontspec)             - 'normal' (m/n) with NFSS spec.:
(fontspec)             <->s*[1]"Arial/OT:script=hebr;language=IWR;mapping=tex-text;"
(fontspec)             - 'small caps'  (m/sc) with NFSS spec.:
(fontspec)             <->s*[1]"Arial/OT:script=hebr;language=IWR;+smcp;mapping=tex-text;"
(fontspec)             - 'bold' (b/n) with NFSS spec.:
(fontspec)             <->s*[1]"Arial/B/OT:script=hebr;language=IWR;mapping=tex-text;"
(fontspec)             - 'bold small caps'  (b/sc) with NFSS spec.:
(fontspec)             <->s*[1]"Arial/B/OT:script=hebr;language=IWR;+smcp;mapping=tex-text;"
(fontspec)             - 'italic' (m/it) with NFSS spec.:
(fontspec)             <->s*[1]"Arial/I/OT:script=hebr;language=IWR;mapping=tex-text;"
(fontspec)             - 'italic small caps'  (m/scit) with NFSS spec.:
(fontspec)             <->s*[1]"Arial/I/OT:script=hebr;language=IWR;+smcp;mapping=tex-text;"
(fontspec)             - 'bold italic' (b/it) with NFSS spec.:
(fontspec)             <->s*[1]"Arial/BI/OT:script=hebr;language=IWR;mapping=tex-text;"
(fontspec)             - 'bold italic small caps'  (b/scit) with NFSS spec.:
(fontspec)             <->s*[1]"Arial/BI/OT:script=hebr;language=IWR;+smcp;mapping=tex-text;"

LaTeX Font Info:    Font shape `TU/Arial(3)/m/n' will be
(Font)              scaled to size 10.95pt on input line 114.
(c:/Users/inbaltsa/AppData/Roaming/TinyTeX/texmf-dist/tex/latex/bidi/bidi.sty
Package: bidi 2026/01/01 v26.01.01 (Release Iran) Bidirectional typesetting in plain TeX and LaTeX
****************************************************
* 
* bidi package (Bidirectional typesetting with
* plain TeX and LaTeX formats in XeTeX and LuaTeX engines)
* 
* Description: A convenient interface for
* typesetting bidirectional texts in plain TeX
* and LaTeX. The package includes adaptations
* for use with many other commonly-used packages.
* 
* Copyright (c) 2007--2026 Vafa Khalighi
* Copyright (c) 2018--2020 bidi-tex GitHub organization
* 
* v26.01.01 (Release Iran), 2026/01/01
* 
* License: LaTeX Project Public License, version
* 1.3c or higher (your choice)
* 
* Location on CTAN: /macros/unicodetex/generic/bidi
* 
* Issue tracker: https://github.com/xepersian/bidi/issues
* 
* Primary author of bidi package: Vafa Khalighi.
* 
****************************************************
(c:/Users/inbaltsa/AppData/Roaming/TinyTeX/texmf-dist/tex/latex/bidi/biditools.sty
Package: biditools 2025/12/19 v2.9 Programming tools for bidi package
\@bidi@envbody=\toks33
\@bidi@emptytoks=\toks34
\bidi@poscount=\count338
\bidi@tempcountb=\count339
\bidi@temptoksa=\toks35
\bidi@temptoksb=\toks36
\bidi@dummies=\count340
\bidi@are@these@correct=\toks37
\bidi@toks@lista=\toks38
\bidi@toks@listb=\toks39
\bidi@stack@length=\count341
\bidi@empty@stack=\toks40
\bidi@looprepeat@depth=\count342
) (c:/Users/inbaltsa/AppData/Roaming/TinyTeX/texmf-dist/tex/latex/zref/zref-abspage.sty
Package: zref-abspage 2025-06-08 v2.36 Module abspage for zref (HO)
(c:/Users/inbaltsa/AppData/Roaming/TinyTeX/texmf-dist/tex/latex/zref/zref-base.sty
Package: zref-base 2025-06-08 v2.36 Module base for zref (HO)
(c:/Users/inbaltsa/AppData/Roaming/TinyTeX/texmf-dist/tex/generic/ltxcmds/ltxcmds.sty
Package: ltxcmds 2023-12-04 v1.26 LaTeX kernel commands for general use (HO)
) (c:/Users/inbaltsa/AppData/Roaming/TinyTeX/texmf-dist/tex/latex/kvsetkeys/kvsetkeys.sty
Package: kvsetkeys 2022-10-05 v1.19 Key value parser (HO)
) (c:/Users/inbaltsa/AppData/Roaming/TinyTeX/texmf-dist/tex/generic/kvdefinekeys/kvdefinekeys.sty
Package: kvdefinekeys 2019-12-19 v1.6 Define keys (HO)
) (c:/Users/inbaltsa/AppData/Roaming/TinyTeX/texmf-dist/tex/generic/pdftexcmds/pdftexcmds.sty
Package: pdftexcmds 2020-06-27 v0.33 Utility functions of pdfTeX for LuaTeX (HO)
Package pdftexcmds Info: \pdf@primitive is available.
Package pdftexcmds Info: \pdf@ifprimitive is available.
Package pdftexcmds Info: \pdfdraftmode not found.
) (c:/Users/inbaltsa/AppData/Roaming/TinyTeX/texmf-dist/tex/latex/auxhook/auxhook.sty
Package: auxhook 2019-12-17 v1.6 Hooks for auxiliary files (HO)
)
Package zref Info: New property list: main on input line 767.
Package zref Info: New property: default on input line 768.
Package zref Info: New property: page on input line 769.
)
\c@abspage=\count343
Package zref Info: New property: abspage on input line 67.
)
\@bidi@copyins@=\insert252
\bidi@typesethour=\count344
\bidi@typesetminute=\count345
(c:/Users/inbaltsa/AppData/Roaming/TinyTeX/texmf-dist/tex/latex/bidi/latex-xetex-bidi.def
File: latex-xetex-bidi.def 2025/12/19 v1.5.6 bidi adaptations for `latex.ltx' for XeTeX engine
\bidi@n@everypar=\toks41
LaTeX Info: Redefining \centerline on input line 317.
LaTeX Info: Redefining \leftline on input line 326.
LaTeX Info: Redefining \rightline on input line 327.
LaTeX Info: Redefining \underline on input line 335.
\bidi@column@check@number=\count346
(c:/Users/inbaltsa/AppData/Roaming/TinyTeX/texmf-dist/tex/latex/bidi/footnote-xetex-bidi.def
File: footnote-xetex-bidi.def 2025/09/30 v1.6 bidi footnote macros for XeTeX engine
\c@footdir@label=\count347
\footdir@toks=\toks42
) (c:/Users/inbaltsa/AppData/Roaming/TinyTeX/texmf-dist/tex/latex/bidi/scrreprt-xetex-bidi.def
File: scrreprt-xetex-bidi.def 2025/09/30 v1.5 bidi adaptations for scrreprt class for XeTeX engine
) (c:/Users/inbaltsa/AppData/Roaming/TinyTeX/texmf-dist/tex/latex/bidi/amsmath-xetex-bidi.def
File: amsmath-xetex-bidi.def 2020/05/16 v1.2 bidi adaptations for amsmath package for XeTeX engine
) (c:/Users/inbaltsa/AppData/Roaming/TinyTeX/texmf-dist/tex/latex/bidi/amstext-xetex-bidi.def
File: amstext-xetex-bidi.def 2016/09/12 v0.2 bidi adaptations for amstext package for XeTeX engine
) (c:/Users/inbaltsa/AppData/Roaming/TinyTeX/texmf-dist/tex/latex/bidi/array-xetex-bidi.def
File: array-xetex-bidi.def 2025/12/06 v0.8 bidi adaptations for array package for XeTeX engine
) (c:/Users/inbaltsa/AppData/Roaming/TinyTeX/texmf-dist/tex/latex/bidi/color-xetex-bidi.def
File: color-xetex-bidi.def 2013/04/08 v0.2 bidi adaptations for color package for XeTeX engine
LaTeX Info: Redefining \color on input line 50.
) (c:/Users/inbaltsa/AppData/Roaming/TinyTeX/texmf-dist/tex/latex/bidi/graphicx-xetex-bidi.def
File: graphicx-xetex-bidi.def 2017/06/17 v0.5 bidi adaptations for graphicx package for XeTeX engine
) (c:/Users/inbaltsa/AppData/Roaming/TinyTeX/texmf-dist/tex/latex/bidi/longtable-xetex-bidi.def
File: longtable-xetex-bidi.def 2025/01/05 v0.8 bidi adaptations for longtable package for XeTeX engine
)
Class scrreprt Info: longtable captions redefined on input line 969.
(c:/Users/inbaltsa/AppData/Roaming/TinyTeX/texmf-dist/tex/latex/bidi/soul-xetex-bidi.def
File: soul-xetex-bidi.def 2015/10/16 v0.1 bidi adaptations for soul package for XeTeX engine
) (c:/Users/inbaltsa/AppData/Roaming/TinyTeX/texmf-dist/tex/latex/bidi/tocbasic-xetex-bidi.def
File: tocbasic-xetex-bidi.def 2022/06/15 v0.5 bidi adaptations for tocbasic package for XeTeX engine
) (c:/Users/inbaltsa/AppData/Roaming/TinyTeX/texmf-dist/tex/latex/bidi/xcolor-xetex-bidi.def
File: xcolor-xetex-bidi.def 2022/06/13 v0.3 bidi adaptations for xcolor package for XeTeX engine
LaTeX Info: Redefining \color on input line 49.
LaTeX Info: Redefining \bidicolor on input line 92.
))
\bidi@digits=\count348
\bidi@digits@charclass=\XeTeXcharclass4
\bidi@sepmark@charclass=\XeTeXcharclass5
) (c:/Users/inbaltsa/AppData/Roaming/TinyTeX/texmf-dist/tex/latex/tcolorbox/tcolorbox.sty
Package: tcolorbox 2025/11/28 version 6.9.0 text color boxes
(c:/Users/inbaltsa/AppData/Roaming/TinyTeX/texmf-dist/tex/latex/pgf/frontendlayer/tikz.sty (c:/Users/inbaltsa/AppData/Roaming/TinyTeX/texmf-dist/tex/latex/pgf/basiclayer/pgf.sty (c:/Users/inbaltsa/AppData/Roaming/TinyTeX/texmf-dist/tex/latex/pgf/utilities/pgfrcs.sty (c:/Users/inbaltsa/AppData/Roaming/TinyTeX/texmf-dist/tex/generic/pgf/utilities/pgfutil-common.tex
\pgfutil@everybye=\toks43
\pgfutil@tempdima=\dimen193
\pgfutil@tempdimb=\dimen194
) (c:/Users/inbaltsa/AppData/Roaming/TinyTeX/texmf-dist/tex/generic/pgf/utilities/pgfutil-latex.def
\pgfutil@abb=\box67
) (c:/Users/inbaltsa/AppData/Roaming/TinyTeX/texmf-dist/tex/generic/pgf/utilities/pgfrcs.code.tex (c:/Users/inbaltsa/AppData/Roaming/TinyTeX/texmf-dist/tex/generic/pgf/pgf.revision.tex)
Package: pgfrcs 2025-08-29 v3.1.11a (3.1.11a)
))
Package: pgf 2025-08-29 v3.1.11a (3.1.11a)
(c:/Users/inbaltsa/AppData/Roaming/TinyTeX/texmf-dist/tex/latex/pgf/basiclayer/pgfcore.sty (c:/Users/inbaltsa/AppData/Roaming/TinyTeX/texmf-dist/tex/latex/pgf/systemlayer/pgfsys.sty (c:/Users/inbaltsa/AppData/Roaming/TinyTeX/texmf-dist/tex/generic/pgf/systemlayer/pgfsys.code.tex
Package: pgfsys 2025-08-29 v3.1.11a (3.1.11a)
(c:/Users/inbaltsa/AppData/Roaming/TinyTeX/texmf-dist/tex/generic/pgf/utilities/pgfkeys.code.tex
\pgfkeys@pathtoks=\toks44
\pgfkeys@temptoks=\toks45
(c:/Users/inbaltsa/AppData/Roaming/TinyTeX/texmf-dist/tex/generic/pgf/utilities/pgfkeyslibraryfiltered.code.tex
\pgfkeys@tmptoks=\toks46
))
\pgf@x=\dimen195
\pgf@y=\dimen196
\pgf@xa=\dimen197
\pgf@ya=\dimen198
\pgf@xb=\dimen199
\pgf@yb=\dimen256
\pgf@xc=\dimen257
\pgf@yc=\dimen258
\pgf@xd=\dimen259
\pgf@yd=\dimen260
\w@pgf@writea=\write3
\r@pgf@reada=\read4
\c@pgf@counta=\count349
\c@pgf@countb=\count350
\c@pgf@countc=\count351
\c@pgf@countd=\count352
\t@pgf@toka=\toks47
\t@pgf@tokb=\toks48
\t@pgf@tokc=\toks49
\pgf@sys@id@count=\count353
(c:/Users/inbaltsa/AppData/Roaming/TinyTeX/texmf-dist/tex/generic/pgf/systemlayer/pgf.cfg
File: pgf.cfg 2025-08-29 v3.1.11a (3.1.11a)
)
Driver file for pgf: pgfsys-xetex.def
(c:/Users/inbaltsa/AppData/Roaming/TinyTeX/texmf-dist/tex/generic/pgf/systemlayer/pgfsys-xetex.def
File: pgfsys-xetex.def 2025-08-29 v3.1.11a (3.1.11a)
(c:/Users/inbaltsa/AppData/Roaming/TinyTeX/texmf-dist/tex/generic/pgf/systemlayer/pgfsys-dvipdfmx.def
File: pgfsys-dvipdfmx.def 2025-08-29 v3.1.11a (3.1.11a)
(c:/Users/inbaltsa/AppData/Roaming/TinyTeX/texmf-dist/tex/generic/pgf/systemlayer/pgfsys-common-pdf.def
File: pgfsys-common-pdf.def 2025-08-29 v3.1.11a (3.1.11a)
)
\pgfsys@objnum=\count354
))) (c:/Users/inbaltsa/AppData/Roaming/TinyTeX/texmf-dist/tex/generic/pgf/systemlayer/pgfsyssoftpath.code.tex
File: pgfsyssoftpath.code.tex 2025-08-29 v3.1.11a (3.1.11a)
\pgfsyssoftpath@smallbuffer@items=\count355
\pgfsyssoftpath@bigbuffer@items=\count356
) (c:/Users/inbaltsa/AppData/Roaming/TinyTeX/texmf-dist/tex/generic/pgf/systemlayer/pgfsysprotocol.code.tex
File: pgfsysprotocol.code.tex 2025-08-29 v3.1.11a (3.1.11a)
)) (c:/Users/inbaltsa/AppData/Roaming/TinyTeX/texmf-dist/tex/latex/bidi/pgfsys-xetex-bidi.def
File: pgfsys-xetex-bidi.def 2025/01/05 v0.1 bidi adaptations for pgfsys package for XeTeX engine
) (c:/Users/inbaltsa/AppData/Roaming/TinyTeX/texmf-dist/tex/generic/pgf/basiclayer/pgfcore.code.tex
Package: pgfcore 2025-08-29 v3.1.11a (3.1.11a)
(c:/Users/inbaltsa/AppData/Roaming/TinyTeX/texmf-dist/tex/generic/pgf/math/pgfmath.code.tex (c:/Users/inbaltsa/AppData/Roaming/TinyTeX/texmf-dist/tex/generic/pgf/math/pgfmathutil.code.tex) (c:/Users/inbaltsa/AppData/Roaming/TinyTeX/texmf-dist/tex/generic/pgf/math/pgfmathparser.code.tex
\pgfmath@dimen=\dimen261
\pgfmath@count=\count357
\pgfmath@box=\box68
\pgfmath@toks=\toks50
\pgfmath@stack@operand=\toks51
\pgfmath@stack@operation=\toks52
) (c:/Users/inbaltsa/AppData/Roaming/TinyTeX/texmf-dist/tex/generic/pgf/math/pgfmathfunctions.code.tex) (c:/Users/inbaltsa/AppData/Roaming/TinyTeX/texmf-dist/tex/generic/pgf/math/pgfmathfunctions.basic.code.tex) (c:/Users/inbaltsa/AppData/Roaming/TinyTeX/texmf-dist/tex/generic/pgf/math/pgfmathfunctions.trigonometric.code.tex) (c:/Users/inbaltsa/AppData/Roaming/TinyTeX/texmf-dist/tex/generic/pgf/math/pgfmathfunctions.random.code.tex) (c:/Users/inbaltsa/AppData/Roaming/TinyTeX/texmf-dist/tex/generic/pgf/math/pgfmathfunctions.comparison.code.tex) (c:/Users/inbaltsa/AppData/Roaming/TinyTeX/texmf-dist/tex/generic/pgf/math/pgfmathfunctions.base.code.tex) (c:/Users/inbaltsa/AppData/Roaming/TinyTeX/texmf-dist/tex/generic/pgf/math/pgfmathfunctions.round.code.tex) (c:/Users/inbaltsa/AppData/Roaming/TinyTeX/texmf-dist/tex/generic/pgf/math/pgfmathfunctions.misc.code.tex) (c:/Users/inbaltsa/AppData/Roaming/TinyTeX/texmf-dist/tex/generic/pgf/math/pgfmathfunctions.integerarithmetics.code.tex) (c:/Users/inbaltsa/AppData/Roaming/TinyTeX/texmf-dist/tex/generic/pgf/math/pgfmathcalc.code.tex) (c:/Users/inbaltsa/AppData/Roaming/TinyTeX/texmf-dist/tex/generic/pgf/math/pgfmathfloat.code.tex
\c@pgfmathroundto@lastzeros=\count358
)) (c:/Users/inbaltsa/AppData/Roaming/TinyTeX/texmf-dist/tex/generic/pgf/math/pgfint.code.tex) (c:/Users/inbaltsa/AppData/Roaming/TinyTeX/texmf-dist/tex/generic/pgf/basiclayer/pgfcorepoints.code.tex
File: pgfcorepoints.code.tex 2025-08-29 v3.1.11a (3.1.11a)
\pgf@picminx=\dimen262
\pgf@picmaxx=\dimen263
\pgf@picminy=\dimen264
\pgf@picmaxy=\dimen265
\pgf@pathminx=\dimen266
\pgf@pathmaxx=\dimen267
\pgf@pathminy=\dimen268
\pgf@pathmaxy=\dimen269
\pgf@xx=\dimen270
\pgf@xy=\dimen271
\pgf@yx=\dimen272
\pgf@yy=\dimen273
\pgf@zx=\dimen274
\pgf@zy=\dimen275
) (c:/Users/inbaltsa/AppData/Roaming/TinyTeX/texmf-dist/tex/generic/pgf/basiclayer/pgfcorepathconstruct.code.tex
File: pgfcorepathconstruct.code.tex 2025-08-29 v3.1.11a (3.1.11a)
\pgf@path@lastx=\dimen276
\pgf@path@lasty=\dimen277
) (c:/Users/inbaltsa/AppData/Roaming/TinyTeX/texmf-dist/tex/generic/pgf/basiclayer/pgfcorepathusage.code.tex
File: pgfcorepathusage.code.tex 2025-08-29 v3.1.11a (3.1.11a)
\pgf@shorten@end@additional=\dimen278
\pgf@shorten@start@additional=\dimen279
) (c:/Users/inbaltsa/AppData/Roaming/TinyTeX/texmf-dist/tex/generic/pgf/basiclayer/pgfcorescopes.code.tex
File: pgfcorescopes.code.tex 2025-08-29 v3.1.11a (3.1.11a)
\pgfpic=\box69
\pgf@hbox=\box70
\pgf@layerbox@main=\box71
\pgf@picture@serial@count=\count359
) (c:/Users/inbaltsa/AppData/Roaming/TinyTeX/texmf-dist/tex/generic/pgf/basiclayer/pgfcoregraphicstate.code.tex
File: pgfcoregraphicstate.code.tex 2025-08-29 v3.1.11a (3.1.11a)
\pgflinewidth=\dimen280
) (c:/Users/inbaltsa/AppData/Roaming/TinyTeX/texmf-dist/tex/generic/pgf/basiclayer/pgfcoretransformations.code.tex
File: pgfcoretransformations.code.tex 2025-08-29 v3.1.11a (3.1.11a)
\pgf@pt@x=\dimen281
\pgf@pt@y=\dimen282
\pgf@pt@temp=\dimen283
) (c:/Users/inbaltsa/AppData/Roaming/TinyTeX/texmf-dist/tex/generic/pgf/basiclayer/pgfcorequick.code.tex
File: pgfcorequick.code.tex 2025-08-29 v3.1.11a (3.1.11a)
) (c:/Users/inbaltsa/AppData/Roaming/TinyTeX/texmf-dist/tex/generic/pgf/basiclayer/pgfcoreobjects.code.tex
File: pgfcoreobjects.code.tex 2025-08-29 v3.1.11a (3.1.11a)
) (c:/Users/inbaltsa/AppData/Roaming/TinyTeX/texmf-dist/tex/generic/pgf/basiclayer/pgfcorepathprocessing.code.tex
File: pgfcorepathprocessing.code.tex 2025-08-29 v3.1.11a (3.1.11a)
) (c:/Users/inbaltsa/AppData/Roaming/TinyTeX/texmf-dist/tex/generic/pgf/basiclayer/pgfcorearrows.code.tex
File: pgfcorearrows.code.tex 2025-08-29 v3.1.11a (3.1.11a)
\pgfarrowsep=\dimen284
) (c:/Users/inbaltsa/AppData/Roaming/TinyTeX/texmf-dist/tex/generic/pgf/basiclayer/pgfcoreshade.code.tex
File: pgfcoreshade.code.tex 2025-08-29 v3.1.11a (3.1.11a)
\pgf@max=\dimen285
\pgf@sys@shading@range@num=\count360
\pgf@shadingcount=\count361
) (c:/Users/inbaltsa/AppData/Roaming/TinyTeX/texmf-dist/tex/generic/pgf/basiclayer/pgfcoreimage.code.tex
File: pgfcoreimage.code.tex 2025-08-29 v3.1.11a (3.1.11a)
) (c:/Users/inbaltsa/AppData/Roaming/TinyTeX/texmf-dist/tex/generic/pgf/basiclayer/pgfcoreexternal.code.tex
File: pgfcoreexternal.code.tex 2025-08-29 v3.1.11a (3.1.11a)
\pgfexternal@startupbox=\box72
) (c:/Users/inbaltsa/AppData/Roaming/TinyTeX/texmf-dist/tex/generic/pgf/basiclayer/pgfcorelayers.code.tex
File: pgfcorelayers.code.tex 2025-08-29 v3.1.11a (3.1.11a)
) (c:/Users/inbaltsa/AppData/Roaming/TinyTeX/texmf-dist/tex/generic/pgf/basiclayer/pgfcoretransparency.code.tex
File: pgfcoretransparency.code.tex 2025-08-29 v3.1.11a (3.1.11a)
) (c:/Users/inbaltsa/AppData/Roaming/TinyTeX/texmf-dist/tex/generic/pgf/basiclayer/pgfcorepatterns.code.tex
File: pgfcorepatterns.code.tex 2025-08-29 v3.1.11a (3.1.11a)
) (c:/Users/inbaltsa/AppData/Roaming/TinyTeX/texmf-dist/tex/generic/pgf/basiclayer/pgfcorerdf.code.tex
File: pgfcorerdf.code.tex 2025-08-29 v3.1.11a (3.1.11a)
))) (c:/Users/inbaltsa/AppData/Roaming/TinyTeX/texmf-dist/tex/generic/pgf/modules/pgfmoduleshapes.code.tex
File: pgfmoduleshapes.code.tex 2025-08-29 v3.1.11a (3.1.11a)
\pgfnodeparttextbox=\box73
) (c:/Users/inbaltsa/AppData/Roaming/TinyTeX/texmf-dist/tex/generic/pgf/modules/pgfmoduleplot.code.tex
File: pgfmoduleplot.code.tex 2025-08-29 v3.1.11a (3.1.11a)
) (c:/Users/inbaltsa/AppData/Roaming/TinyTeX/texmf-dist/tex/latex/pgf/compatibility/pgfcomp-version-0-65.sty
Package: pgfcomp-version-0-65 2025-08-29 v3.1.11a (3.1.11a)
\pgf@nodesepstart=\dimen286
\pgf@nodesepend=\dimen287
) (c:/Users/inbaltsa/AppData/Roaming/TinyTeX/texmf-dist/tex/latex/pgf/compatibility/pgfcomp-version-1-18.sty
Package: pgfcomp-version-1-18 2025-08-29 v3.1.11a (3.1.11a)
)) (c:/Users/inbaltsa/AppData/Roaming/TinyTeX/texmf-dist/tex/latex/pgf/utilities/pgffor.sty (c:/Users/inbaltsa/AppData/Roaming/TinyTeX/texmf-dist/tex/latex/pgf/utilities/pgfkeys.sty (c:/Users/inbaltsa/AppData/Roaming/TinyTeX/texmf-dist/tex/generic/pgf/utilities/pgfkeys.code.tex)) (c:/Users/inbaltsa/AppData/Roaming/TinyTeX/texmf-dist/tex/latex/pgf/math/pgfmath.sty (c:/Users/inbaltsa/AppData/Roaming/TinyTeX/texmf-dist/tex/generic/pgf/math/pgfmath.code.tex)) (c:/Users/inbaltsa/AppData/Roaming/TinyTeX/texmf-dist/tex/generic/pgf/utilities/pgffor.code.tex
Package: pgffor 2025-08-29 v3.1.11a (3.1.11a)
\pgffor@iter=\dimen288
\pgffor@skip=\dimen289
\pgffor@stack=\toks53
\pgffor@toks=\toks54
)) (c:/Users/inbaltsa/AppData/Roaming/TinyTeX/texmf-dist/tex/generic/pgf/frontendlayer/tikz/tikz.code.tex
Package: tikz 2025-08-29 v3.1.11a (3.1.11a)
(c:/Users/inbaltsa/AppData/Roaming/TinyTeX/texmf-dist/tex/generic/pgf/libraries/pgflibraryplothandlers.code.tex
File: pgflibraryplothandlers.code.tex 2025-08-29 v3.1.11a (3.1.11a)
\pgf@plot@mark@count=\count362
\pgfplotmarksize=\dimen290
)
\tikz@lastx=\dimen291
\tikz@lasty=\dimen292
\tikz@lastxsaved=\dimen293
\tikz@lastysaved=\dimen294
\tikz@lastmovetox=\dimen295
\tikz@lastmovetoy=\dimen296
\tikzleveldistance=\dimen297
\tikzsiblingdistance=\dimen298
\tikz@figbox=\box74
\tikz@figbox@bg=\box75
\tikz@tempbox=\box76
\tikz@tempbox@bg=\box77
\tikztreelevel=\count363
\tikznumberofchildren=\count364
\tikznumberofcurrentchild=\count365
\tikz@fig@count=\count366
(c:/Users/inbaltsa/AppData/Roaming/TinyTeX/texmf-dist/tex/generic/pgf/modules/pgfmodulematrix.code.tex
File: pgfmodulematrix.code.tex 2025-08-29 v3.1.11a (3.1.11a)
\pgfmatrixcurrentrow=\count367
\pgfmatrixcurrentcolumn=\count368
\pgf@matrix@numberofcolumns=\count369
)
\tikz@expandcount=\count370
(c:/Users/inbaltsa/AppData/Roaming/TinyTeX/texmf-dist/tex/generic/pgf/frontendlayer/tikz/libraries/tikzlibrarytopaths.code.tex
File: tikzlibrarytopaths.code.tex 2025-08-29 v3.1.11a (3.1.11a)
))) (c:/Users/inbaltsa/AppData/Roaming/TinyTeX/texmf-dist/tex/latex/tools/verbatim.sty
Package: verbatim 2024-01-22 v1.5x LaTeX2e package for verbatim enhancements
\every@verbatim=\toks55
\verbatim@line=\toks56
\verbatim@in@stream=\read5
) (c:/Users/inbaltsa/AppData/Roaming/TinyTeX/texmf-dist/tex/latex/environ/environ.sty
Package: environ 2014/05/04 v0.3 A new way to define environments
(c:/Users/inbaltsa/AppData/Roaming/TinyTeX/texmf-dist/tex/latex/trimspaces/trimspaces.sty
Package: trimspaces 2009/09/17 v1.1 Trim spaces around a token list
))
\tcb@titlebox=\box78
\tcb@upperbox=\box79
\tcb@lowerbox=\box80
\tcb@phantombox=\box81
\c@tcbbreakpart=\count371
\c@tcblayer=\count372
\c@tcolorbox@number=\count373
\l__tcobox_tmpa_box=\box82
\l__tcobox_tmpa_dim=\dimen299
\tcb@temp=\box83
\tcb@temp=\box84
\tcb@temp=\box85
\tcb@temp=\box86
(c:/Users/inbaltsa/AppData/Roaming/TinyTeX/texmf-dist/tex/latex/tcolorbox/tcbskins.code.tex
Library (tcolorbox): 'tcbskins.code.tex' version '6.9.0'
(c:/Users/inbaltsa/AppData/Roaming/TinyTeX/texmf-dist/tex/latex/tikzfill/tikzfill.image.sty
Package: tikzfill.image 2023/08/08 v1.0.1 Image filling library for TikZ
(c:/Users/inbaltsa/AppData/Roaming/TinyTeX/texmf-dist/tex/latex/tikzfill/tikzfill-common.sty
Package: tikzfill-common 2023/08/08 v1.0.1 Auxiliary code for tikzfill
) (c:/Users/inbaltsa/AppData/Roaming/TinyTeX/texmf-dist/tex/latex/tikzfill/tikzlibraryfill.image.code.tex
File: tikzlibraryfill.image.code.tex 2023/08/08 v1.0.1 Image filling library
\l__tikzfill_img_box=\box87
)) (c:/Users/inbaltsa/AppData/Roaming/TinyTeX/texmf-dist/tex/latex/tcolorbox/tcbskinsjigsaw.code.tex
Library (tcolorbox): 'tcbskinsjigsaw.code.tex' version '6.9.0'
)) (c:/Users/inbaltsa/AppData/Roaming/TinyTeX/texmf-dist/tex/latex/tcolorbox/tcbbreakable.code.tex
Library (tcolorbox): 'tcbbreakable.code.tex' version '6.9.0'
(c:/Users/inbaltsa/AppData/Roaming/TinyTeX/texmf-dist/tex/latex/pdfcol/pdfcol.sty
Package: pdfcol 2022-09-21 v1.7 Handle new color stacks for pdfTeX (HO)
Package pdfcol Info: Interface disabled because of missing PDF mode of pdfTeX.
)
Package pdfcol Info: pdfTeX's color stacks are not available.
\tcb@testbox=\box88
\tcb@totalupperbox=\box89
\tcb@totallowerbox=\box90
)) (c:/Users/inbaltsa/AppData/Roaming/TinyTeX/texmf-dist/tex/latex/bidi/tcolorbox-xetex-bidi.def
File: tcolorbox-xetex-bidi.def 2018/11/11 v0.2 bidi adaptations for tcolorbox package for XeTeX engine
) (c:/Users/inbaltsa/AppData/Roaming/TinyTeX/texmf-dist/tex/latex/fontawesome5/fontawesome5.sty
Package: fontawesome5 2022/05/02 v5.15.4 Font Awesome 5
(c:/Users/inbaltsa/AppData/Roaming/TinyTeX/texmf-dist/tex/latex/fontawesome5/fontawesome5-utex-helper.sty
Package: fontawesome5-utex-helper 2022/05/02 v5.15.4 uTeX helper for fontawesome5
LaTeX Font Info:    Trying to load font information for TU+fontawesomefree on input line 69.
(c:/Users/inbaltsa/AppData/Roaming/TinyTeX/texmf-dist/tex/latex/fontawesome5/tufontawesomefree.fd)
LaTeX Font Info:    Trying to load font information for TU+fontawesomebrands on input line 70.
(c:/Users/inbaltsa/AppData/Roaming/TinyTeX/texmf-dist/tex/latex/fontawesome5/tufontawesomebrands.fd))) (c:/Users/inbaltsa/AppData/Roaming/TinyTeX/texmf-dist/tex/latex/bookmark/bookmark.sty
Package: bookmark 2023-12-10 v1.31 PDF bookmarks (HO)
(c:/Users/inbaltsa/AppData/Roaming/TinyTeX/texmf-dist/tex/latex/hyperref/hyperref.sty
Package: hyperref 2025-07-12 v7.01o Hypertext links for LaTeX
(c:/Users/inbaltsa/AppData/Roaming/TinyTeX/texmf-dist/tex/generic/pdfescape/pdfescape.sty
Package: pdfescape 2019/12/09 v1.15 Implements pdfTeX's escape features (HO)
) (c:/Users/inbaltsa/AppData/Roaming/TinyTeX/texmf-dist/tex/latex/hycolor/hycolor.sty
Package: hycolor 2020-01-27 v1.10 Color options for hyperref/bookmark (HO)
) (c:/Users/inbaltsa/AppData/Roaming/TinyTeX/texmf-dist/tex/latex/hyperref/nameref.sty
Package: nameref 2025-06-21 v2.57 Cross-referencing by name of section
(c:/Users/inbaltsa/AppData/Roaming/TinyTeX/texmf-dist/tex/latex/refcount/refcount.sty
Package: refcount 2019/12/15 v3.6 Data extraction from label references (HO)
) (c:/Users/inbaltsa/AppData/Roaming/TinyTeX/texmf-dist/tex/generic/gettitlestring/gettitlestring.sty
Package: gettitlestring 2019/12/15 v1.6 Cleanup title references (HO)
(c:/Users/inbaltsa/AppData/Roaming/TinyTeX/texmf-dist/tex/latex/kvoptions/kvoptions.sty
Package: kvoptions 2022-06-15 v3.15 Key value format for package options (HO)
))
\c@section@level=\count374
) (c:/Users/inbaltsa/AppData/Roaming/TinyTeX/texmf-dist/tex/generic/stringenc/stringenc.sty
Package: stringenc 2019/11/29 v1.12 Convert strings between diff. encodings (HO)
)
\@linkdim=\dimen300
\Hy@linkcounter=\count375
\Hy@pagecounter=\count376
(c:/Users/inbaltsa/AppData/Roaming/TinyTeX/texmf-dist/tex/latex/hyperref/pd1enc.def
File: pd1enc.def 2025-07-12 v7.01o Hyperref: PDFDocEncoding definition (HO)
) (c:/Users/inbaltsa/AppData/Roaming/TinyTeX/texmf-dist/tex/generic/intcalc/intcalc.sty
Package: intcalc 2019/12/15 v1.3 Expandable calculations with integers (HO)
)
\Hy@SavedSpaceFactor=\count377
(c:/Users/inbaltsa/AppData/Roaming/TinyTeX/texmf-dist/tex/latex/hyperref/puenc.def
File: puenc.def 2025-07-12 v7.01o Hyperref: PDF Unicode definition (HO)
)
Package hyperref Info: Option `unicode' set `true' on input line 4066.
Package hyperref Info: Hyper figures OFF on input line 4195.
Package hyperref Info: Link nesting OFF on input line 4200.
Package hyperref Info: Hyper index ON on input line 4203.
Package hyperref Info: Plain pages OFF on input line 4210.
Package hyperref Info: Backreferencing OFF on input line 4215.
Package hyperref Info: Implicit mode ON; LaTeX internals redefined.
Package hyperref Info: Bookmarks ON on input line 4462.
\c@Hy@tempcnt=\count378
(c:/Users/inbaltsa/AppData/Roaming/TinyTeX/texmf-dist/tex/latex/url/url.sty
\Urlmuskip=\muskip19
Package: url 2013/09/16  ver 3.4  Verb mode for urls, etc.
)
LaTeX Info: Redefining \url on input line 4801.
\XeTeXLinkMargin=\dimen301
(c:/Users/inbaltsa/AppData/Roaming/TinyTeX/texmf-dist/tex/generic/bitset/bitset.sty
Package: bitset 2019/12/09 v1.3 Handle bit-vector datatype (HO)
(c:/Users/inbaltsa/AppData/Roaming/TinyTeX/texmf-dist/tex/generic/bigintcalc/bigintcalc.sty
Package: bigintcalc 2019/12/15 v1.5 Expandable calculations on big integers (HO)
))
\Fld@menulength=\count379
\Field@Width=\dimen302
\Fld@charsize=\dimen303
Package hyperref Info: Hyper figures OFF on input line 6078.
Package hyperref Info: Link nesting OFF on input line 6083.
Package hyperref Info: Hyper index ON on input line 6086.
Package hyperref Info: backreferencing OFF on input line 6093.
Package hyperref Info: Link coloring OFF on input line 6098.
Package hyperref Info: Link coloring with OCG OFF on input line 6103.
Package hyperref Info: PDF/A mode OFF on input line 6108.
\Hy@abspage=\count380
\c@Item=\count381
\c@Hfootnote=\count382
)
Package hyperref Info: Driver (autodetected): hxetex.
(c:/Users/inbaltsa/AppData/Roaming/TinyTeX/texmf-dist/tex/latex/hyperref/hxetex.def
File: hxetex.def 2025-07-12 v7.01o Hyperref driver for XeTeX
\pdfm@box=\box91
\c@Hy@AnnotLevel=\count383
\HyField@AnnotCount=\count384
\Fld@listcount=\count385
\c@bookmark@seq@number=\count386
(c:/Users/inbaltsa/AppData/Roaming/TinyTeX/texmf-dist/tex/latex/rerunfilecheck/rerunfilecheck.sty
Package: rerunfilecheck 2025-06-21 v1.11 Rerun checks for auxiliary files (HO)
(c:/Users/inbaltsa/AppData/Roaming/TinyTeX/texmf-dist/tex/generic/uniquecounter/uniquecounter.sty
Package: uniquecounter 2019/12/15 v1.4 Provide unlimited unique counter (HO)
)
Package uniquecounter Info: New unique counter `rerunfilecheck' on input line 284.
)
\Hy@SectionHShift=\skip80
) (c:/Users/inbaltsa/AppData/Roaming/TinyTeX/texmf-dist/tex/latex/bidi/hyperref-xetex-bidi.def
File: hyperref-xetex-bidi.def 2025/12/06 v1.5 bidi adaptations for hyperref package for XeTeX engine
) (c:/Users/inbaltsa/AppData/Roaming/TinyTeX/texmf-dist/tex/latex/bookmark/bkm-dvipdfm.def
File: bkm-dvipdfm.def 2023-12-10 v1.31 bookmark driver for dvipdfm (HO)
\BKM@id=\count387
)) (c:/Users/inbaltsa/AppData/Roaming/TinyTeX/texmf-dist/tex/latex/caption/caption.sty
Package: caption 2023/08/05 v3.6o Customizing captions (AR)

Package tocbasic Info: Loading of class-dependent code for package caption3
(tocbasic)             prevented on line 50.

(c:/Users/inbaltsa/AppData/Roaming/TinyTeX/texmf-dist/tex/latex/caption/caption3.sty
Package: caption3 2023/07/31 v2.4d caption3 kernel (AR)
\caption@tempdima=\dimen304
\captionmargin=\dimen305
\caption@leftmargin=\dimen306
\caption@rightmargin=\dimen307
\caption@width=\dimen308
\caption@indent=\dimen309
\caption@parindent=\dimen310
\caption@hangindent=\dimen311
) (c:/Users/inbaltsa/AppData/Roaming/TinyTeX/texmf-dist/tex/latex/bidi/caption3-xetex-bidi.def
File: caption3-xetex-bidi.def 2013/04/01 v0.1 bidi adaptations for caption3 package for XeTeX engine
)
\c@caption@flags=\count388
\c@continuedfloat=\count389
Package caption Info: hyperref package is loaded.
Package caption Info: longtable package is loaded.
(c:/Users/inbaltsa/AppData/Roaming/TinyTeX/texmf-dist/tex/latex/caption/ltcaption.sty
Package: ltcaption 2021/01/08 v1.4c longtable captions (AR)
)) (c:/Users/inbaltsa/AppData/Roaming/TinyTeX/texmf-dist/tex/latex/bidi/caption-xetex-bidi.def
File: caption-xetex-bidi.def 2010/07/25 v0.1 bidi adaptations for caption package for XeTeX engine
) (c:/Users/inbaltsa/AppData/Roaming/TinyTeX/texmf-dist/tex/latex/float/float.sty
Package: float 2001/11/08 v1.3d Float enhancements (AL)
\c@float@type=\count390
\float@exts=\toks57
\float@box=\box92
\@float@everytoks=\toks58
\@floatcapt=\box93
) (c:/Users/inbaltsa/AppData/Roaming/TinyTeX/texmf-dist/tex/latex/bidi/float-xetex-bidi.def
File: float-xetex-bidi.def 2013/04/04 v0.2 bidi adaptations for float package for XeTeX engine
)
\@float@every@codelisting=\toks59
\c@codelisting=\count391
(c:/Users/inbaltsa/AppData/Roaming/TinyTeX/texmf-dist/tex/latex/caption/subcaption.sty
Package: subcaption 2023/07/28 v1.6b Sub-captions (AR)
Package caption Info: New subtype `subfigure' on input line 238.
\c@subfigure=\count392
Package caption Info: New subtype `subtable' on input line 238.
\c@subtable=\count393
)
Package hyperref Info: Option `colorlinks' set `true' on input line 217.
(c:/Users/inbaltsa/AppData/Roaming/TinyTeX/texmf-dist/tex/latex/bidi/float-xetex-bidi.def
File: float-xetex-bidi.def 2013/04/04 v0.2 bidi adaptations for float package for XeTeX engine
)
No file index.aux.
\openout1 = `index.aux'.

LaTeX Font Info:    Checking defaults for OML/cmm/m/it on input line 223.
LaTeX Font Info:    ... okay on input line 223.
LaTeX Font Info:    Checking defaults for OMS/cmsy/m/n on input line 223.
LaTeX Font Info:    ... okay on input line 223.
LaTeX Font Info:    Checking defaults for OT1/cmr/m/n on input line 223.
LaTeX Font Info:    ... okay on input line 223.
LaTeX Font Info:    Checking defaults for T1/cmr/m/n on input line 223.
LaTeX Font Info:    ... okay on input line 223.
LaTeX Font Info:    Checking defaults for TS1/cmr/m/n on input line 223.
LaTeX Font Info:    ... okay on input line 223.
LaTeX Font Info:    Checking defaults for TU/lmr/m/n on input line 223.
LaTeX Font Info:    ... okay on input line 223.
LaTeX Font Info:    Checking defaults for OMX/cmex/m/n on input line 223.
LaTeX Font Info:    ... okay on input line 223.
LaTeX Font Info:    Checking defaults for U/cmr/m/n on input line 223.
LaTeX Font Info:    ... okay on input line 223.
LaTeX Font Info:    Checking defaults for PD1/pdf/m/n on input line 223.
LaTeX Font Info:    ... okay on input line 223.
LaTeX Font Info:    Checking defaults for PU/pdf/m/n on input line 223.
LaTeX Font Info:    ... okay on input line 223.
Package scrbase Info: activating hebrew \abstractname on input line 223.
Package scrbase Info: activating hebrew \partname on input line 223.
Package scrbase Info: activating hebrew \chaptername on input line 223.
Package scrbase Info: activating hebrew \appendixname on input line 223.
Package scrbase Info: activating hebrew \figurename on input line 223.
Package scrbase Info: activating hebrew \tablename on input line 223.
Package scrbase Info: activating hebrew \contentsname on input line 223.
Package scrbase Info: activating hebrew \listfigurename on input line 223.
Package scrbase Info: activating hebrew \listtablename on input line 223.
Package scrbase Info: activating hebrew \bibname on input line 223.
Package scrbase Info: activating hebrew \indexname on input line 223.
LaTeX Font Info:    Overwriting math alphabet `\mathtt' in version `normal'
(Font)                  OT1/lmtt/m/n --> TU/lmtt/m/n on input line 223.
LaTeX Font Info:    Overwriting math alphabet `\mathtt' in version `bold'
(Font)                  OT1/lmtt/m/n --> TU/lmtt/b/n on input line 223.

Package fontspec Info: 
(fontspec)             latinmodern-math scale = 1.203139397662426.


Package fontspec Info: 
(fontspec)             latinmodern-math scale = 1.203139397662426.


Package fontspec Info: 
(fontspec)             latinmodern-math scale = 1.203139397662426.


Package fontspec Info: 
(fontspec)             Font family 'latinmodern-math.otf(0)' created for font
(fontspec)             'latinmodern-math.otf' with options
(fontspec)             [Scale=MatchLowercase,BoldItalicFont={},ItalicFont={},SmallCapsFont={},Script=Math,BoldFont={latinmodern-math.otf}].
(fontspec)              
(fontspec)              This font family consists of the following NFSS
(fontspec)             series/shapes:
(fontspec)              
(fontspec)             - 'normal' (m/n) with NFSS spec.:
(fontspec)             <->s*[1.203139397662426]"[latinmodern-math.otf]/OT:script=math;language=dflt;"
(fontspec)             - 'bold' (b/n) with NFSS spec.:
(fontspec)             <->s*[1.203139397662426]"[latinmodern-math.otf]/OT:script=math;language=dflt;"

LaTeX Font Info:    Font shape `TU/latinmodern-math.otf(0)/m/n' will be
(Font)              scaled to size 13.17438pt on input line 223.

Package fontspec Info: 
(fontspec)             latinmodern-math scale = 1.203139397662426.


Package fontspec Info: 
(fontspec)             latinmodern-math scale = 1.203139397662426.


Package fontspec Info: 
(fontspec)             latinmodern-math scale = 1.203139397662426.


Package fontspec Info: 
(fontspec)             latinmodern-math scale = 1.203139397662426.


Package fontspec Info: 
(fontspec)             latinmodern-math scale = 1.203139397662426.


Package fontspec Info: 
(fontspec)             Font family 'latinmodern-math.otf(1)' created for font
(fontspec)             'latinmodern-math.otf' with options
(fontspec)             [Scale=MatchLowercase,BoldItalicFont={},ItalicFont={},SmallCapsFont={},Script=Math,SizeFeatures={{Size=9.3075-},{Size=6.57-9.3075,Font=latinmodern-math.otf,Style=MathScript},{Size=-6.57,Font=latinmodern-math.otf,Style=MathScriptScript}},BoldFont={latinmodern-math.otf}].
(fontspec)              
(fontspec)              This font family consists of the following NFSS
(fontspec)             series/shapes:
(fontspec)              
(fontspec)             - 'normal' (m/n) with NFSS spec.:
(fontspec)             <9.3075->s*[1.203139397662426]"[latinmodern-math.otf]/OT:script=math;language=dflt;"<6.57-9.3075>s*[1.203139397662426]"[latinmodern-math.otf]/OT:script=math;language=dflt;+ssty=0;"<-6.57>s*[1.203139397662426]"[latinmodern-math.otf]/OT:script=math;language=dflt;+ssty=1;"
(fontspec)             - 'bold' (b/n) with NFSS spec.:
(fontspec)             <->s*[1.203139397662426]"[latinmodern-math.otf]/OT:script=math;language=dflt;"

LaTeX Font Info:    Font shape `TU/latinmodern-math.otf(1)/m/n' will be
(Font)              scaled to size 13.17438pt on input line 223.
LaTeX Font Info:    Encoding `OT1' has changed to `TU' for symbol font
(Font)              `operators' in the math version `normal' on input line 223.
LaTeX Font Info:    Overwriting symbol font `operators' in version `normal'
(Font)                  OT1/lmr/m/n --> TU/latinmodern-math.otf(1)/m/n on input line 223.
LaTeX Font Info:    Encoding `OT1' has changed to `TU' for symbol font
(Font)              `operators' in the math version `bold' on input line 223.
LaTeX Font Info:    Overwriting symbol font `operators' in version `bold'
(Font)                  OT1/lmr/bx/n --> TU/latinmodern-math.otf(1)/b/n on input line 223.

Package fontspec Info: 
(fontspec)             latinmodern-math scale = 1.203139397662426.


Package fontspec Info: 
(fontspec)             latinmodern-math scale = 1.203259711602192.


Package fontspec Info: 
(fontspec)             latinmodern-math scale = 1.203139397662426.


Package fontspec Info: 
(fontspec)             latinmodern-math scale = 1.203259711602192.


Package fontspec Info: 
(fontspec)             latinmodern-math scale = 1.203139397662426.


Package fontspec Info: 
(fontspec)             latinmodern-math scale = 1.203259711602192.


Package fontspec Info: 
(fontspec)             latinmodern-math scale = 1.203139397662426.


Package fontspec Info: 
(fontspec)             latinmodern-math scale = 1.203259711602192.


Package fontspec Info: 
(fontspec)             latinmodern-math scale = 1.203139397662426.


Package fontspec Info: 
(fontspec)             latinmodern-math scale = 1.203259711602192.


Package fontspec Info: 
(fontspec)             Font family 'latinmodern-math.otf(2)' created for font
(fontspec)             'latinmodern-math.otf' with options
(fontspec)             [Scale=MatchLowercase,BoldItalicFont={},ItalicFont={},SmallCapsFont={},Script=Math,SizeFeatures={{Size=9.3075-},{Size=6.57-9.3075,Font=latinmodern-math.otf,Style=MathScript},{Size=-6.57,Font=latinmodern-math.otf,Style=MathScriptScript}},BoldFont={latinmodern-math.otf},ScaleAgain=1.0001,FontAdjustment={\fontdimen
(fontspec)             8\font =8.91905pt\relax \fontdimen 9\font
(fontspec)             =5.1907pt\relax \fontdimen 10\font =5.84943pt\relax
(fontspec)             \fontdimen 11\font =9.03763pt\relax \fontdimen 12\font
(fontspec)             =4.54517pt\relax \fontdimen 13\font =4.7823pt\relax
(fontspec)             \fontdimen 14\font =4.7823pt\relax \fontdimen 15\font
(fontspec)             =3.80739pt\relax \fontdimen 16\font =3.25407pt\relax
(fontspec)             \fontdimen 17\font =3.25407pt\relax \fontdimen 18\font
(fontspec)             =3.2936pt\relax \fontdimen 19\font =2.63487pt\relax
(fontspec)             \fontdimen 22\font =3.2936pt\relax \fontdimen 20\font
(fontspec)             =0pt\relax \fontdimen 21\font =0pt\relax }].
(fontspec)              
(fontspec)              This font family consists of the following NFSS
(fontspec)             series/shapes:
(fontspec)              
(fontspec)             - 'normal' (m/n) with NFSS spec.:
(fontspec)             <9.3075->s*[1.203259711602192]"[latinmodern-math.otf]/OT:script=math;language=dflt;"<6.57-9.3075>s*[1.203259711602192]"[latinmodern-math.otf]/OT:script=math;language=dflt;+ssty=0;"<-6.57>s*[1.203259711602192]"[latinmodern-math.otf]/OT:script=math;language=dflt;+ssty=1;"
(fontspec)             - 'bold' (b/n) with NFSS spec.:
(fontspec)             <->s*[1.203259711602192]"[latinmodern-math.otf]/OT:script=math;language=dflt;"

LaTeX Font Info:    Encoding `OMS' has changed to `TU' for symbol font
(Font)              `symbols' in the math version `normal' on input line 223.
LaTeX Font Info:    Overwriting symbol font `symbols' in version `normal'
(Font)                  OMS/lmsy/m/n --> TU/latinmodern-math.otf(2)/m/n on input line 223.
LaTeX Font Info:    Encoding `OMS' has changed to `TU' for symbol font
(Font)              `symbols' in the math version `bold' on input line 223.
LaTeX Font Info:    Overwriting symbol font `symbols' in version `bold'
(Font)                  OMS/lmsy/b/n --> TU/latinmodern-math.otf(2)/b/n on input line 223.

Package fontspec Info: 
(fontspec)             latinmodern-math scale = 1.203139397662426.


Package fontspec Info: 
(fontspec)             latinmodern-math scale = 1.20301908372266.


Package fontspec Info: 
(fontspec)             latinmodern-math scale = 1.203139397662426.


Package fontspec Info: 
(fontspec)             latinmodern-math scale = 1.20301908372266.


Package fontspec Info: 
(fontspec)             latinmodern-math scale = 1.203139397662426.


Package fontspec Info: 
(fontspec)             latinmodern-math scale = 1.20301908372266.


Package fontspec Info: 
(fontspec)             latinmodern-math scale = 1.203139397662426.


Package fontspec Info: 
(fontspec)             latinmodern-math scale = 1.20301908372266.


Package fontspec Info: 
(fontspec)             latinmodern-math scale = 1.203139397662426.


Package fontspec Info: 
(fontspec)             latinmodern-math scale = 1.20301908372266.


Package fontspec Info: 
(fontspec)             Font family 'latinmodern-math.otf(3)' created for font
(fontspec)             'latinmodern-math.otf' with options
(fontspec)             [Scale=MatchLowercase,BoldItalicFont={},ItalicFont={},SmallCapsFont={},Script=Math,SizeFeatures={{Size=9.3075-},{Size=6.57-9.3075,Font=latinmodern-math.otf,Style=MathScript},{Size=-6.57,Font=latinmodern-math.otf,Style=MathScriptScript}},BoldFont={latinmodern-math.otf},ScaleAgain=0.9999,FontAdjustment={\fontdimen
(fontspec)             8\font =0.52698pt\relax \fontdimen 9\font
(fontspec)             =2.63487pt\relax \fontdimen 10\font =2.20012pt\relax
(fontspec)             \fontdimen 11\font =1.46236pt\relax \fontdimen 12\font
(fontspec)             =7.90463pt\relax \fontdimen 13\font =0pt\relax }].
(fontspec)              
(fontspec)              This font family consists of the following NFSS
(fontspec)             series/shapes:
(fontspec)              
(fontspec)             - 'normal' (m/n) with NFSS spec.:
(fontspec)             <9.3075->s*[1.20301908372266]"[latinmodern-math.otf]/OT:script=math;language=dflt;"<6.57-9.3075>s*[1.20301908372266]"[latinmodern-math.otf]/OT:script=math;language=dflt;+ssty=0;"<-6.57>s*[1.20301908372266]"[latinmodern-math.otf]/OT:script=math;language=dflt;+ssty=1;"
(fontspec)             - 'bold' (b/n) with NFSS spec.:
(fontspec)             <->s*[1.20301908372266]"[latinmodern-math.otf]/OT:script=math;language=dflt;"

LaTeX Font Info:    Encoding `OMX' has changed to `TU' for symbol font
(Font)              `largesymbols' in the math version `normal' on input line 223.
LaTeX Font Info:    Overwriting symbol font `largesymbols' in version `normal'
(Font)                  OMX/lmex/m/n --> TU/latinmodern-math.otf(3)/m/n on input line 223.
LaTeX Font Info:    Encoding `OMX' has changed to `TU' for symbol font
(Font)              `largesymbols' in the math version `bold' on input line 223.
LaTeX Font Info:    Overwriting symbol font `largesymbols' in version `bold'
(Font)                  OMX/lmex/m/n --> TU/latinmodern-math.otf(3)/b/n on input line 223.
LaTeX Info: Redefining \microtypecontext on input line 223.
Package microtype Info: Applying patch `item' on input line 223.
Package microtype Info: Applying patch `toc' on input line 223.
Package microtype Info: Applying patch `eqnum' on input line 223.
Package microtype Info: Applying patch `footnote' on input line 223.
Package microtype Info: Applying patch `verbatim' on input line 223.
LaTeX Info: Redefining \microtypesetup on input line 223.
Package microtype Info: Character protrusion enabled (level 2).
Package microtype Info: Using protrusion set `basicmath'.
Package microtype Info: No adjustment of tracking.
Package microtype Info: No adjustment of spacing.
Package microtype Info: No adjustment of kerning.
Package microtype Info: Loading generic protrusion settings for font family
(microtype)             `Arial' (encoding: TU).
(microtype)             For optimal results, create family-specific settings.
(microtype)             See the microtype manual for details.
LaTeX Font Info:    Font shape `TU/Arial(2)/m/n' will be
(Font)              scaled to size 10.95pt on input line 223.

Package babel Info: The following font families will use the default
(babel)             settings for all or some languages:
(babel)             * \sffamily = Arial(2)
(babel)               "Arial/OT:script=latn;language=dflt;mapping=tex-text;" at 10.95pt
(babel)             * \ttfamily = lmtt
(babel)               "[lmmono10-regular]:" at 10.95pt
(babel)             There is nothing intrinsically wrong with it, but
(babel)             'babel' will no set Script and Language, which could
(babel)             be relevant in some languages. If your document uses
(babel)             these families, consider redefining them with \babelfont.
(babel)             Reported on input line 223.

Package hyperref Info: Link coloring ON on input line 223.

Package hyperref Warning: Rerun to get /PageLabels entry.

Package caption Info: Begin \AtBeginDocument code.
Package caption Info: float package is loaded.
Package caption Info: End \AtBeginDocument code.
LaTeX Font Info:    Font shape `TU/Arial(2)/b/n' will be
(Font)              scaled to size 10.95pt on input line 225.
LaTeX Font Info:    Font shape `TU/Arial(2)/b/n' will be
(Font)              scaled to size 20.74pt on input line 225.
LaTeX Font Info:    Font shape `TU/Arial(3)/m/n' will be
(Font)              scaled to size 14.4pt on input line 225.
LaTeX Font Info:    Font shape `TU/latinmodern-math.otf(1)/m/n' will be
(Font)              scaled to size 17.32521pt on input line 225.
LaTeX Font Info:    Font shape `TU/latinmodern-math.otf(1)/m/n' will be
(Font)              scaled to size 12.0314pt on input line 225.
LaTeX Font Info:    Font shape `TU/latinmodern-math.otf(1)/m/n' will be
(Font)              scaled to size 8.42198pt on input line 225.
LaTeX Font Info:    Trying to load font information for OML+lmm on input line 225.
(c:/Users/inbaltsa/AppData/Roaming/TinyTeX/texmf-dist/tex/latex/lm/omllmm.fd
File: omllmm.fd 2015/05/01 v1.6.1 Font defs for Latin Modern
)
LaTeX Font Info:    Font shape `TU/latinmodern-math.otf(2)/m/n' will be
(Font)              scaled to size 17.32697pt on input line 225.
LaTeX Font Info:    Font shape `TU/latinmodern-math.otf(2)/m/n' will be
(Font)              scaled to size 12.03262pt on input line 225.
LaTeX Font Info:    Font shape `TU/latinmodern-math.otf(2)/m/n' will be
(Font)              scaled to size 8.42284pt on input line 225.
LaTeX Font Info:    Font shape `TU/latinmodern-math.otf(3)/m/n' will be
(Font)              scaled to size 17.32344pt on input line 225.
LaTeX Font Info:    Font shape `TU/latinmodern-math.otf(3)/m/n' will be
(Font)              scaled to size 12.03018pt on input line 225.
LaTeX Font Info:    Font shape `TU/latinmodern-math.otf(3)/m/n' will be
(Font)              scaled to size 8.42113pt on input line 225.
LaTeX Font Info:    Trying to load font information for U+msa on input line 225.
(c:/Users/inbaltsa/AppData/Roaming/TinyTeX/texmf-dist/tex/latex/amsfonts/umsa.fd
File: umsa.fd 2013/01/14 v3.01 AMS symbols A
) (c:/Users/inbaltsa/AppData/Roaming/TinyTeX/texmf-dist/tex/latex/microtype/mt-msa.cfg
File: mt-msa.cfg 2006/02/04 v1.1 microtype config. file: AMS symbols (a) (RS)
)
LaTeX Font Info:    Trying to load font information for U+msb on input line 225.
(c:/Users/inbaltsa/AppData/Roaming/TinyTeX/texmf-dist/tex/latex/amsfonts/umsb.fd
File: umsb.fd 2013/01/14 v3.01 AMS symbols B
) (c:/Users/inbaltsa/AppData/Roaming/TinyTeX/texmf-dist/tex/latex/microtype/mt-msb.cfg
File: mt-msb.cfg 2005/06/01 v1.0 microtype config. file: AMS symbols (b) (RS)
) [1



]
Package tocbasic Info: character protrusion at toc deactivated on input line 230.
No file index.toc.
\tf@toc=\write4
\openout4 = `index.toc'.

[2

]
LaTeX Font Info:    Font shape `TU/Arial(2)/b/n' will be
(Font)              scaled to size 14.4pt on input line 242.
[3

]
LaTeX Font Info:    Font shape `TU/Arial(3)/b/n' will be
(Font)              scaled to size 10.95pt on input line 268.
[4

] [5]
chapter 1.
LaTeX Font Info:    Font shape `TU/Arial(3)/m/it' will be
(Font)              scaled to size 10.95pt on input line 323.
LaTeX Font Info:    Font shape `TU/latinmodern-math.otf(1)/m/n' will be
(Font)              scaled to size 9.22206pt on input line 345.
LaTeX Font Info:    Font shape `TU/latinmodern-math.otf(1)/m/n' will be
(Font)              scaled to size 6.58719pt on input line 345.
LaTeX Font Info:    Font shape `TU/latinmodern-math.otf(2)/m/n' will be
(Font)              scaled to size 13.1757pt on input line 345.
LaTeX Font Info:    Font shape `TU/latinmodern-math.otf(2)/m/n' will be
(Font)              scaled to size 9.22299pt on input line 345.
LaTeX Font Info:    Font shape `TU/latinmodern-math.otf(2)/m/n' will be
(Font)              scaled to size 6.58786pt on input line 345.
LaTeX Font Info:    Font shape `TU/latinmodern-math.otf(3)/m/n' will be
(Font)              scaled to size 13.17303pt on input line 345.
LaTeX Font Info:    Font shape `TU/latinmodern-math.otf(3)/m/n' will be
(Font)              scaled to size 9.22112pt on input line 345.
LaTeX Font Info:    Font shape `TU/latinmodern-math.otf(3)/m/n' will be
(Font)              scaled to size 6.58652pt on input line 345.

Overfull \hbox (171.63518pt too wide) in paragraph at lines 343--346
[][][]\TU/Arial(3)/m/n/10.95 בכל התחומים הללו חוזרת אותה לוגיקה הנדסית$[]$$[]$ [][]
 []

LaTeX Font Info:    Font shape `TU/Arial(2)/b/n' will be
(Font)              scaled to size 12.0pt on input line 348.
[6

] [7] [8] (c:/Users/inbaltsa/AppData/Roaming/TinyTeX/texmf-dist/tex/latex/microtype/mt-TU-empty.cfg
File: mt-TU-empty.cfg 2021/06/22 v1.1 microtype config. file: fonts with nonstandard glyph set (RS)
) [9]
File: media/media/image1.png Graphic file (type bmp)
<media/media/image1.png>

Overfull \hbox (33.95258pt too wide) in paragraph at lines 600--601
[][][][][][] [][]
 []

[10] [11]
Underfull \hbox (badness 10000) in paragraph at lines 685--687
[][][][]
 []

[12]
chapter 2.
[13

] [14]
LaTeX Font Info:    Font shape `TU/Arial(3)/m/n' will be
(Font)              scaled to size 7.665pt on input line 852.
LaTeX Font Info:    Font shape `TU/Arial(3)/m/n' will be
(Font)              scaled to size 5.475pt on input line 852.
Missing character: There is no ❌ (U+274C) in font Arial/OT:script=hebr;language=IWR;mapping=tex-text;!
Missing character: There is no ✅ (U+2705) in font Arial/OT:script=hebr;language=IWR;mapping=tex-text;!
[15] [16]
LaTeX Font Info:    Font shape `TU/Arial(3)/b/it' will be
(Font)              scaled to size 10.95pt on input line 946.
[17]
Missing character: There is no ₘ (U+2098) in font Arial/OT:script=hebr;language=IWR;mapping=tex-text;!
[18]
LaTeX Font Info:    Font shape `TU/Arial(1)/b/n' will be
(Font)              scaled to size 10.95pt on input line 1081.
LaTeX Font Info:    Font shape `TU/Arial(1)/b/n' will be
(Font)              scaled to size 7.665pt on input line 1081.
LaTeX Font Info:    Font shape `TU/Arial(1)/b/n' will be
(Font)              scaled to size 5.475pt on input line 1081.
[19]
Overfull \hbox (23.06085pt too wide) in paragraph at lines 1170--1171
 [][][]|$[]$|[][] 
 []


Overfull \hbox (2.36423pt too wide) in paragraph at lines 1174--1175
 [][][]|$[]$|[][] 
 []


Overfull \hbox (27.35889pt too wide) in paragraph at lines 1176--1177
 [][][]|$[]$|[][] 
 []


Overfull \hbox (0.77785pt too wide) in paragraph at lines 1178--1179
 [][][]|$[]$|[][] 
 []

[20] [21] [22] [23] [24] [25]
Underfull \hbox (badness 10000) in paragraph at lines 1481--1483
[][][][]
 []


Underfull \hbox (badness 10000) in paragraph at lines 1483--1485
[][][][]
 []


Underfull \hbox (badness 10000) in paragraph at lines 1485--1488
[][][][]
 []

Missing character: There is no ₘ (U+2098) in font Arial Bold/OT:script=hebr;language=IWR;mapping=tex-text;!
Missing character: There is no ₘ (U+2098) in font Arial Bold/OT:script=hebr;language=IWR;mapping=tex-text;!
[26]
Missing character: There is no 𝜌 (U+1D70C) in font Arial Bold/OT:script=latn;language=dflt;!
Missing character: There is no 𝜇 (U+1D707) in font Arial Bold/OT:script=latn;language=dflt;!
Missing character: There is no 𝜌 (U+1D70C) in font Arial Bold/OT:script=latn;language=dflt;!
Missing character: There is no 𝜇 (U+1D707) in font Arial Bold/OT:script=latn;language=dflt;!
[27] [28] [29]
Underfull \hbox (badness 10000) in paragraph at lines 1713--1715
[][][][]
 []


Underfull \hbox (badness 10000) in paragraph at lines 1715--1717
[][][][]
 []


Underfull \hbox (badness 10000) in paragraph at lines 1717--1719
[][][][]
 []


Underfull \hbox (badness 10000) in paragraph at lines 1719--1721
[][][][]
 []


Underfull \hbox (badness 10000) in paragraph at lines 1738--1740
[][][][]
 []


Underfull \hbox (badness 10000) in paragraph at lines 1750--1753
[][][][]
 []


Underfull \hbox (badness 10000) in paragraph at lines 1753--1755
[][][][]
 []

[30]
Underfull \hbox (badness 10000) in paragraph at lines 1785--1787
[][][][]
 []


Underfull \hbox (badness 10000) in paragraph at lines 1787--1789
[][][][]
 []


Underfull \hbox (badness 10000) in paragraph at lines 1789--1791
[][][][]
 []


Underfull \hbox (badness 10000) in paragraph at lines 1791--1793
[][][][]
 []


Underfull \hbox (badness 10000) in paragraph at lines 1793--1795
[][][][]
 []

[31]

Package longtable Warning: Column widths have changed
(longtable)                in table 2.5 on input line 1861.


Underfull \hbox (badness 10000) in paragraph at lines 1868--1871
[][][][]
 []


Underfull \hbox (badness 10000) in paragraph at lines 1871--1874
[][][][]
 []


Underfull \hbox (badness 10000) in paragraph at lines 1879--1881
[][][][]
 []


Underfull \hbox (badness 10000) in paragraph at lines 1881--1883
[][][][]
 []


Underfull \hbox (badness 10000) in paragraph at lines 1890--1893
[][][][]
 []


Underfull \hbox (badness 10000) in paragraph at lines 1893--1895
[][][][]
 []

[32]
Underfull \hbox (badness 10000) in paragraph at lines 1897--1899
[][][][]
 []

Missing character: There is no ˉ ("2C9) in font lmmi8!
Missing character: There is no ˉ ("2C9) in font lmmi8!
Missing character: There is no ˉ ("2C9) in font lmmi8!

Underfull \hbox (badness 10000) in paragraph at lines 1946--1949
[][][][]
 []

[33]
File: media/media/image6.png Graphic file (type bmp)
<media/media/image6.png>
File: media/media/image7.png Graphic file (type bmp)
<media/media/image7.png>

Overfull \hbox (15.19908pt too wide) in paragraph at lines 1991--1993
[][][][][][] [][][] [][]
 []

[34]
File: media/media/image9.png Graphic file (type bmp)
<media/media/image9.png>
File: media/media/image10.png Graphic file (type bmp)
<media/media/image10.png>

Overfull \hbox (27.4978pt too wide) in paragraph at lines 2034--2036
[][][][][][] [][][] [][]
 []

[35] [36]
File: media/media/image13.png Graphic file (type bmp)
<media/media/image13.png>
[37]
LaTeX Font Info:    Font shape `TU/Arial(1)/m/n' will be
(Font)              scaled to size 10.95pt on input line 2192.
LaTeX Font Info:    Font shape `TU/Arial(1)/m/n' will be
(Font)              scaled to size 7.665pt on input line 2192.
LaTeX Font Info:    Font shape `TU/Arial(1)/m/n' will be
(Font)              scaled to size 5.475pt on input line 2192.
[38]
Overfull \vbox (6.57301pt too high) has occurred while \output is active []

[39]

Package longtable Warning: Column widths have changed
(longtable)                in table 2.7 on input line 2291.


Underfull \hbox (badness 10000) in paragraph at lines 2297--2300
[][][][]
 []


Underfull \hbox (badness 10000) in paragraph at lines 2300--2302
[][][][]
 []


Underfull \hbox (badness 10000) in paragraph at lines 2302--2304
[][][][]
 []

File: images/ex1.png Graphic file (type bmp)
<images/ex1.png>

\endL or \endR problem (0 missing, 1 extra) in paragraph at lines 2325--2325
[][][][][] []
 []

File: images/ex2.png Graphic file (type bmp)
<images/ex2.png>

\endL or \endR problem (0 missing, 1 extra) in paragraph at lines 2351--2351
[][][][][] []
 []

[40] [41]
File: images/ex4.png Graphic file (type bmp)
<images/ex4.png>

\endL or \endR problem (0 missing, 1 extra) in paragraph at lines 2375--2375
[][][][][] []
 []


! LaTeX Error: Bad math environment delimiter.

See the LaTeX manual or LaTeX Companion for explanation.
Type  H <return>  for immediate help.
 ...                                              
                                                  
l.2386 עבור מודל \(\(
                     y = Ce^{kt}\)\) נפעיל ln על שני האגפים, ונקבל קשר לינארי
Your command was ignored.
Type  I <command> <return>  to replace it with another command,
or  <return>  to continue without it.

 
Here is how much of TeX's memory you used:
 42749 strings out of 470134
 904869 string characters out of 5474717
 1622818 words of memory out of 5000000
 70677 multiletter control sequences out of 15000+600000
 634721 words of font info for 123 fonts, out of 8000000 for 9000
 36 hyphenation exceptions out of 8191
 108i,9n,122p,11230b,1035s stack positions out of 10000i,1000n,20000p,200000b,200000s
Output written on index.pdf (41 pages).
